captured_at,season,gameweek,code,status,chance,news,price
2026-09-07T13:48:28.061Z,2026-27,4,154561,a,,,6.0
2026-09-07T13:48:28.061Z,2026-27,4,109745,a,,,4.9
2026-09-07T13:48:28.061Z,2026-27,4,437495,a,,,4.9
2026-09-07T13:48:28.061Z,2026-27,4,226597,a,,,8.0
2026-09-07T13:48:28.061Z,2026-27,4,445122,d,25.0,Groin injury - 25% chance of playing,6.5
2026-09-07T13:48:28.061Z,2026-27,4,462424,i,0.0,Back injury - Unknown return date,6.0
2026-09-07T13:48:28.061Z,2026-27,4,499169,a,,,5.5
2026-09-07T13:48:28.061Z,2026-27,4,466075,a,,,5.7
2026-09-07T13:48:28.061Z,2026-27,4,448104,a,,,5.3
2026-09-07T13:48:28.061Z,2026-27,4,198869,a,100.0,,5.5
2026-09-07T13:48:28.061Z,2026-27,4,500040,d,75.0,Unspecified injury - 75% chance of playing,5.4
2026-09-07T13:48:28.061Z,2026-27,4,223340,a,,,9.5
2026-09-07T13:48:28.061Z,2026-27,4,204480,a,,,7.4
2026-09-07T13:48:28.061Z,2026-27,4,232413,a,,,6.4
2026-09-07T13:48:28.061Z,2026-27,4,184029,a,,,6.6
2026-09-07T13:48:28.061Z,2026-27,4,248857,a,,,6.3
2026-09-07T13:48:28.061Z,2026-27,4,195384,a,,,5.9
2026-09-07T13:48:28.061Z,2026-27,4,444145,u,0.0,Has joined Al Hilal permanently,6.3
2026-09-07T13:48:28.061Z,2026-27,4,481655,a,,,5.4
2026-09-07T13:48:28.061Z,2026-27,4,616077,a,,,5.3
2026-09-07T13:48:28.061Z,2026-27,4,499175,u,0.0,Has joined Borussia Dortmund on loan for the rest of the season,5.4
2026-09-07T13:48:28.061Z,2026-27,4,438098,u,0.0,Has joined Hamburger SV permanently,5.5
2026-09-07T13:48:28.061Z,2026-27,4,200641,u,0.0,has departed the club as a free agent.,5.5
2026-09-07T13:48:28.061Z,2026-27,4,224117,a,,,7.3
2026-09-07T13:48:28.061Z,2026-27,4,219847,a,,,7.5
2026-09-07T13:48:28.061Z,2026-27,4,205651,u,0.0,Has joined FC Barcelona permanently,5.9
2026-09-07T13:48:28.061Z,2026-27,4,199798,a,,,4.4
2026-09-07T13:48:28.061Z,2026-27,4,208706,a,100.0,,6.8
2026-09-07T13:48:28.061Z,2026-27,4,439509,a,,,6.5
2026-09-07T13:48:28.061Z,2026-27,4,72147,a,,,4.5
2026-09-07T13:48:28.061Z,2026-27,4,101188,u,0.0,Has joined Paris Saint-Germain permanently,4.5
2026-09-07T13:48:28.061Z,2026-27,4,199796,a,,,4.5
2026-09-07T13:48:28.061Z,2026-27,4,149484,a,,,4.5
2026-09-07T13:48:28.061Z,2026-27,4,244954,a,,,4.5
2026-09-07T13:48:28.061Z,2026-27,4,515597,a,,,5.0
2026-09-07T13:48:28.061Z,2026-27,4,441302,a,,,4.5
2026-09-07T13:48:28.061Z,2026-27,4,184667,a,,,4.5
2026-09-07T13:48:28.061Z,2026-27,4,606798,a,,,4.0
2026-09-07T13:48:28.061Z,2026-27,4,578545,u,0.0,Has joined Rangers on loan for the rest of the season,4.0
2026-09-07T13:48:28.061Z,2026-27,4,195546,a,,,6.0
2026-09-07T13:48:28.061Z,2026-27,4,215711,u,0.0,Has joined Olympiakos permanently,5.4
2026-09-07T13:48:28.061Z,2026-27,4,122806,a,,,5.4
2026-09-07T13:48:28.061Z,2026-27,4,88894,a,,,5.0
2026-09-07T13:48:28.061Z,2026-27,4,226944,a,100.0,,5.0
2026-09-07T13:48:28.061Z,2026-27,4,449871,i,0.0,Knee injury - Unknown return date,5.0
2026-09-07T13:48:28.061Z,2026-27,4,469247,u,0.0,Has joined Bolton Wanderers on loan for the rest of the season,5.0
2026-09-07T13:48:28.061Z,2026-27,4,645618,a,,,4.5
2026-09-07T13:48:28.061Z,2026-27,4,577285,a,,,4.5
2026-09-07T13:48:28.061Z,2026-27,4,653481,a,,,5.0
2026-09-07T13:48:28.061Z,2026-27,4,614071,i,0.0,Knee injury - Expected back 12 Sep,5.9
2026-09-07T13:48:28.061Z,2026-27,4,448089,s,0.0,Suspended until 19 Sep,5.5
2026-09-07T13:48:28.061Z,2026-27,4,178301,u,0.0,Has joined Al Hilal permanently,7.8
2026-09-07T13:48:28.061Z,2026-27,4,173879,a,100.0,,5.5
2026-09-07T13:48:28.061Z,2026-27,4,493105,a,,,5.9
2026-09-07T13:48:28.061Z,2026-27,4,517052,a,,,6.5
2026-09-07T13:48:28.061Z,2026-27,4,690838,i,0.0,Unspecified injury - Unknown return date,5.5
2026-09-07T13:48:28.061Z,2026-27,4,487992,a,,,4.5
2026-09-07T13:48:28.061Z,2026-27,4,433969,a,,,5.0
2026-09-07T13:48:28.061Z,2026-27,4,569577,a,,,4.0
2026-09-07T13:48:28.061Z,2026-27,4,571380,u,0.0,Has joined Oxford United on loan until January,4.5
2026-09-07T13:48:28.061Z,2026-27,4,214590,a,,,4.5
2026-09-07T13:48:28.061Z,2026-27,4,119090,a,,,6.0
2026-09-07T13:48:28.061Z,2026-27,4,245719,a,,,4.5
2026-09-07T13:48:28.061Z,2026-27,4,638987,a,,,6.0
2026-09-07T13:48:28.061Z,2026-27,4,457569,a,,,4.5
2026-09-07T13:48:28.061Z,2026-27,4,40383,a,,,4.0
2026-09-07T13:48:28.061Z,2026-27,4,444172,u,0.0,Has joined MK Dons permanently,4.0
2026-09-07T13:48:28.061Z,2026-27,4,463981,a,,,5.5
2026-09-07T13:48:28.061Z,2026-27,4,494521,a,,,5.5
2026-09-07T13:48:28.061Z,2026-27,4,242882,a,,,5.0
2026-09-07T13:48:28.061Z,2026-27,4,620487,i,0.0,Unspecified injury - Unknown return date,5.0
2026-09-07T13:48:28.061Z,2026-27,4,54469,a,,,4.5
2026-09-07T13:48:28.061Z,2026-27,4,436893,i,0.0,Thigh injury - Unknown return date,4.4
2026-09-07T13:48:28.061Z,2026-27,4,575901,a,100.0,,4.0
2026-09-07T13:48:28.061Z,2026-27,4,499604,a,,,6.4
2026-09-07T13:48:28.061Z,2026-27,4,201658,a,,,6.0
2026-09-07T13:48:28.061Z,2026-27,4,503139,a,,,6.0
2026-09-07T13:48:28.061Z,2026-27,4,222683,a,,,6.0
2026-09-07T13:48:28.061Z,2026-27,4,155408,a,,,5.0
2026-09-07T13:48:28.061Z,2026-27,4,496208,a,,,4.9
2026-09-07T13:48:28.061Z,2026-27,4,200785,a,100.0,,5.0
2026-09-07T13:48:28.061Z,2026-27,4,111317,a,100.0,,5.0
2026-09-07T13:48:28.061Z,2026-27,4,158499,a,100.0,,5.0
2026-09-07T13:48:28.061Z,2026-27,4,614574,a,,,5.0
2026-09-07T13:48:28.061Z,2026-27,4,489888,i,0.0,Unspecified injury - Unknown return date,4.9
2026-09-07T13:48:28.061Z,2026-27,4,560262,i,0.0,Foot injury - Unknown return date,7.4
2026-09-07T13:48:28.061Z,2026-27,4,444102,a,,,6.0
2026-09-07T13:48:28.061Z,2026-27,4,168636,u,0.0,Has joined Getafe permanently,5.5
2026-09-07T13:48:28.061Z,2026-27,4,561245,a,100.0,,6.0
2026-09-07T13:48:28.061Z,2026-27,4,483067,a,,,5.0
2026-09-07T13:48:28.061Z,2026-27,4,494928,a,,,4.5
2026-09-07T13:48:28.061Z,2026-27,4,523700,a,,,5.0
2026-09-07T13:48:28.061Z,2026-27,4,230650,a,,,4.5
2026-09-07T13:48:28.061Z,2026-27,4,200720,a,,,5.0
2026-09-07T13:48:28.061Z,2026-27,4,507433,a,,,4.5
2026-09-07T13:48:28.061Z,2026-27,4,432830,d,25.0,Calf injury - 25% chance of playing,5.5
2026-09-07T13:48:28.061Z,2026-27,4,444765,i,0.0,Groin injury - Unknown return date,4.9
2026-09-07T13:48:28.061Z,2026-27,4,249231,a,,,5.5
2026-09-07T13:48:28.061Z,2026-27,4,191866,a,,,4.5
2026-09-07T13:48:28.061Z,2026-27,4,607464,a,,,4.6
2026-09-07T13:48:28.061Z,2026-27,4,194010,a,,,4.5
2026-09-07T13:48:28.061Z,2026-27,4,472713,a,,,4.5
2026-09-07T13:48:28.061Z,2026-27,4,570241,a,,,4.5
2026-09-07T13:48:28.061Z,2026-27,4,513086,a,,,4.5
2026-09-07T13:48:28.061Z,2026-27,4,513418,a,,,6.0
2026-09-07T13:48:28.061Z,2026-27,4,533463,a,,,6.4
2026-09-07T13:48:28.061Z,2026-27,4,440089,a,,,5.5
2026-09-07T13:48:28.061Z,2026-27,4,207283,i,0.0,Unspecified injury - Expected back 18 Sep,5.5
2026-09-07T13:48:28.061Z,2026-27,4,204580,a,,,5.0
2026-09-07T13:48:28.061Z,2026-27,4,543295,i,0.0,Knee injury - Unknown return date,5.0
2026-09-07T13:48:28.061Z,2026-27,4,244858,a,100.0,,5.0
2026-09-07T13:48:28.061Z,2026-27,4,508395,a,,,4.9
2026-09-07T13:48:28.061Z,2026-27,4,183656,i,0.0,Hamstring injury - Expected back 10 Oct,5.0
2026-09-07T13:48:28.061Z,2026-27,4,444180,a,,,6.0
2026-09-07T13:48:28.061Z,2026-27,4,502500,a,,,7.9
2026-09-07T13:48:28.061Z,2026-27,4,593174,a,,,4.5
2026-09-07T13:48:28.061Z,2026-27,4,75115,a,,,5.5
2026-09-07T13:48:28.061Z,2026-27,4,513545,a,,,5.7
2026-09-07T13:48:28.061Z,2026-27,4,613804,a,,,4.5
2026-09-07T13:48:28.061Z,2026-27,4,489639,a,,,4.5
2026-09-07T13:48:28.061Z,2026-27,4,49262,a,,,4.0
2026-09-07T13:48:28.061Z,2026-27,4,231416,a,100.0,,4.4
2026-09-07T13:48:28.061Z,2026-27,4,204120,a,,,4.5
2026-09-07T13:48:28.061Z,2026-27,4,465730,a,,,4.7
2026-09-07T13:48:28.061Z,2026-27,4,83299,a,,,4.5
2026-09-07T13:48:28.061Z,2026-27,4,550090,a,,,4.5
2026-09-07T13:48:28.061Z,2026-27,4,223434,u,0.0,Has joined Burnley permanently,4.5
2026-09-07T13:48:28.061Z,2026-27,4,451490,a,,,4.5
2026-09-07T13:48:28.061Z,2026-27,4,454490,a,,,5.0
2026-09-07T13:48:28.061Z,2026-27,4,451340,i,0.0,Hamstring injury - Unknown return date,5.9
2026-09-07T13:48:28.061Z,2026-27,4,592031,i,0.0,Leg injury - Expected back 28 Nov,5.9
2026-09-07T13:48:28.061Z,2026-27,4,532529,d,50.0,Unspecified injury - 50% chance of playing,6.0
2026-09-07T13:48:28.061Z,2026-27,4,60307,a,,,5.5
2026-09-07T13:48:28.061Z,2026-27,4,463067,d,75.0,Unspecified injury - 75% chance of playing,5.5
2026-09-07T13:48:28.061Z,2026-27,4,219249,a,,,5.5
2026-09-07T13:48:28.061Z,2026-27,4,514254,a,,,5.0
2026-09-07T13:48:28.061Z,2026-27,4,536916,u,0.0,Has joined Elche on loan for the rest of the season,5.0
2026-09-07T13:48:28.061Z,2026-27,4,509416,a,100.0,,5.4
2026-09-07T13:48:28.061Z,2026-27,4,467779,i,0.0,Knee injury - Unknown return date,5.0
2026-09-07T13:48:28.061Z,2026-27,4,597320,u,0.0,Has joined Leicester City on loan for the rest of the season,4.5
2026-09-07T13:48:28.061Z,2026-27,4,549074,u,0.0,Has joined Leicester City on loan for the rest of the season,5.0
2026-09-07T13:48:28.061Z,2026-27,4,556637,a,,,4.5
2026-09-07T13:48:28.061Z,2026-27,4,700308,a,,,4.9
2026-09-07T13:48:28.061Z,2026-27,4,608181,i,0.0,Knee injury - Unknown return date,5.5
2026-09-07T13:48:28.061Z,2026-27,4,647850,a,,,5.5
2026-09-07T13:48:28.061Z,2026-27,4,487117,i,0.0,Ankle injury - Expected back 10 Oct,5.0
2026-09-07T13:48:28.061Z,2026-27,4,222694,a,100.0,,5.0
2026-09-07T13:48:28.061Z,2026-27,4,610799,a,,,5.0
2026-09-07T13:48:28.061Z,2026-27,4,538007,a,,,6.0
2026-09-07T13:48:28.061Z,2026-27,4,612855,a,,,5.0
2026-09-07T13:48:28.061Z,2026-27,4,611695,a,,,4.5
2026-09-07T13:48:28.061Z,2026-27,4,512123,a,,,4.5
2026-09-07T13:48:28.061Z,2026-27,4,519324,u,0.0,Has joined Middlesbrough on loan for the rest of the season,5.0
2026-09-07T13:48:28.061Z,2026-27,4,592984,a,,,5.5
2026-09-07T13:48:28.061Z,2026-27,4,471551,i,0.0,Unspecified injury - Expected back 13 Sep,5.5
2026-09-07T13:48:28.061Z,2026-27,4,98980,a,,,5.0
2026-09-07T13:48:28.061Z,2026-27,4,244850,a,,,7.6
2026-09-07T13:48:28.061Z,2026-27,4,56979,d,75.0,Wrist injury - 75% chance of playing,5.0
2026-09-07T13:48:28.061Z,2026-27,4,50175,a,100.0,,5.9
2026-09-07T13:48:28.061Z,2026-27,4,215059,u,0.0,Has joined Como on loan for the rest of the season,4.9
2026-09-07T13:48:28.061Z,2026-27,4,508479,u,0.0,Has joined RC Strasbourg on loan for the rest of the season,5.0
2026-09-07T13:48:28.061Z,2026-27,4,225796,a,,,5.4
2026-09-07T13:48:28.061Z,2026-27,4,180736,u,0.0,Has joined Como permanently,5.5
2026-09-07T13:48:28.061Z,2026-27,4,482609,a,,,5.0
2026-09-07T13:48:28.061Z,2026-27,4,444463,a,100.0,,5.0
2026-09-07T13:48:28.061Z,2026-27,4,242880,u,0.0,Has joined Napoli on loan for the rest of the season,4.5
2026-09-07T13:48:28.061Z,2026-27,4,551210,a,,,4.5
2026-09-07T13:48:28.061Z,2026-27,4,460028,a,,,4.9
2026-09-07T13:48:28.061Z,2026-27,4,574458,u,0.0,Has joined Real Sociedad on loan for the rest of the season,4.5
2026-09-07T13:48:28.061Z,2026-27,4,577016,a,,,4.5
2026-09-07T13:48:28.061Z,2026-27,4,620109,d,75.0,Unspecified injury - 75% chance of playing,5.4
2026-09-07T13:48:28.061Z,2026-27,4,244851,a,100.0,,9.6
2026-09-07T13:48:28.061Z,2026-27,4,247632,a,,,6.5
2026-09-07T13:48:28.061Z,2026-27,4,624773,a,,,6.4
2026-09-07T13:48:28.061Z,2026-27,4,463936,a,,,5.9
2026-09-07T13:48:28.061Z,2026-27,4,486672,d,75.0,Unspecified injury - 75% chance of playing,5.4
2026-09-07T13:48:28.061Z,2026-27,4,514356,a,,,5.0
2026-09-07T13:48:28.061Z,2026-27,4,491007,u,0.0,Has joined RC Strasbourg on loan for the rest of the season,4.5
2026-09-07T13:48:28.061Z,2026-27,4,593117,a,100.0,,5.4
2026-09-07T13:48:28.061Z,2026-27,4,475168,a,,,7.7
2026-09-07T13:48:28.061Z,2026-27,4,499309,u,0.0,Has joined RB Leipzig permanently,5.0
2026-09-07T13:48:28.061Z,2026-27,4,567119,a,,,4.5
2026-09-07T13:48:28.061Z,2026-27,4,503037,a,100.0,,5.0
2026-09-07T13:48:28.061Z,2026-27,4,437499,a,,,6.0
2026-09-07T13:48:28.061Z,2026-27,4,549939,a,,,4.5
2026-09-07T13:48:28.061Z,2026-27,4,622758,a,100.0,,4.5
2026-09-07T13:48:28.061Z,2026-27,4,543158,a,,,5.5
2026-09-07T13:48:28.061Z,2026-27,4,498444,a,,,4.9
2026-09-07T13:48:28.061Z,2026-27,4,231065,a,,,4.5
2026-09-07T13:48:28.061Z,2026-27,4,428580,a,,,4.9
2026-09-07T13:48:28.061Z,2026-27,4,472739,a,,,4.5
2026-09-07T13:48:28.061Z,2026-27,4,484389,u,0.0,Has joined Leyton Orient on loan for the rest of the season,4.0
2026-09-07T13:48:28.061Z,2026-27,4,110690,a,,,4.5
2026-09-07T13:48:28.061Z,2026-27,4,461102,a,,,4.0
2026-09-07T13:48:28.061Z,2026-27,4,436761,u,0.0,Has joined Sheffield United on loan for the rest of the season,4.0
2026-09-07T13:48:28.061Z,2026-27,4,451284,a,,,4.0
2026-09-07T13:48:28.061Z,2026-27,4,173878,a,,,4.0
2026-09-07T13:48:28.061Z,2026-27,4,465390,i,0.0,Hamstring injury - Unknown return date,4.0
2026-09-07T13:48:28.061Z,2026-27,4,80178,a,,,4.0
2026-09-07T13:48:28.061Z,2026-27,4,204813,a,,,4.0
2026-09-07T13:48:28.061Z,2026-27,4,220583,i,0.0,Knee injury - Unknown return date,4.0
2026-09-07T13:48:28.061Z,2026-27,4,577411,u,0.0,Has joined Academico de Viseu on loan for the rest of the season,4.0
2026-09-07T13:48:28.061Z,2026-27,4,539142,a,,,4.0
2026-09-07T13:48:28.061Z,2026-27,4,480457,a,100.0,,5.0
2026-09-07T13:48:28.061Z,2026-27,4,168144,a,,,5.0
2026-09-07T13:48:28.061Z,2026-27,4,501459,a,,,4.9
2026-09-07T13:48:28.061Z,2026-27,4,241293,a,100.0,,5.4
2026-09-07T13:48:28.061Z,2026-27,4,439668,a,,,4.9
2026-09-07T13:48:28.061Z,2026-27,4,226965,a,,,5.4
2026-09-07T13:48:28.061Z,2026-27,4,684268,a,,,4.5
2026-09-07T13:48:28.061Z,2026-27,4,469272,a,,,5.5
2026-09-07T13:48:28.061Z,2026-27,4,492498,u,0.0,Has joined Burton Albion on loan for the rest of the season,4.5
2026-09-07T13:48:28.061Z,2026-27,4,629397,u,0.0,Has joined Oxford United on loan for the rest of the season,4.5
2026-09-07T13:48:28.061Z,2026-27,4,176412,i,0.0,Thigh injury - Unknown return date,5.4
2026-09-07T13:48:28.061Z,2026-27,4,230730,a,,,5.0
2026-09-07T13:48:28.061Z,2026-27,4,218997,a,,,5.0
2026-09-07T13:48:28.061Z,2026-27,4,551262,u,0.0,Has joined Shabab Al-Ahli Dubai permanently,5.0
2026-09-07T13:48:28.061Z,2026-27,4,549653,u,0.0,Has joined KVC Westerlo on loan for the rest of the season,4.5
2026-09-07T13:48:28.061Z,2026-27,4,210156,a,,,5.5
2026-09-07T13:48:28.061Z,2026-27,4,661888,a,,,4.9
2026-09-07T13:48:28.061Z,2026-27,4,196100,a,,,5.4
2026-09-07T13:48:28.061Z,2026-27,4,627221,a,,,5.0
2026-09-07T13:48:28.061Z,2026-27,4,79602,a,,,4.0
2026-09-07T13:48:28.061Z,2026-27,4,485337,a,,,5.5
2026-09-07T13:48:28.061Z,2026-27,4,220362,a,,,4.5
2026-09-07T13:48:28.061Z,2026-27,4,172649,a,100.0,,5.0
2026-09-07T13:48:28.061Z,2026-27,4,121709,a,,,4.5
2026-09-07T13:48:28.061Z,2026-27,4,427623,a,,,5.0
2026-09-07T13:48:28.061Z,2026-27,4,651426,a,,,4.9
2026-09-07T13:48:28.061Z,2026-27,4,244723,a,,,4.5
2026-09-07T13:48:28.061Z,2026-27,4,218364,u,0.0,Has joined FC Cologne on loan for the rest of the season,4.5
2026-09-07T13:48:28.061Z,2026-27,4,515621,i,0.0,Knee injury - Unknown return date,4.4
2026-09-07T13:48:28.061Z,2026-27,4,242313,a,,,4.4
2026-09-07T13:48:28.061Z,2026-27,4,232185,i,0.0,Groin injury - Unknown return date,6.3
2026-09-07T13:48:28.061Z,2026-27,4,496221,a,100.0,,5.5
2026-09-07T13:48:28.061Z,2026-27,4,488024,a,,,5.5
2026-09-07T13:48:28.061Z,2026-27,4,108413,a,,,4.5
2026-09-07T13:48:28.061Z,2026-27,4,152551,a,,,4.9
2026-09-07T13:48:28.061Z,2026-27,4,209400,a,,,5.0
2026-09-07T13:48:28.061Z,2026-27,4,489706,u,0.0,Has joined Stoke City permanently,5.0
2026-09-07T13:48:28.061Z,2026-27,4,606921,u,0.0,Has joined Millwall on loan for the rest of the season,5.0
2026-09-07T13:48:28.061Z,2026-27,4,536694,a,,,4.9
2026-09-07T13:48:28.061Z,2026-27,4,438464,a,,,4.9
2026-09-07T13:48:28.061Z,2026-27,4,450542,a,,,5.0
2026-09-07T13:48:28.061Z,2026-27,4,590014,u,0.0,Has joined Bristol City on loan for the rest of the season,4.5
2026-09-07T13:48:28.061Z,2026-27,4,672492,a,,,4.5
2026-09-07T13:48:28.061Z,2026-27,4,247412,a,,,6.0
2026-09-07T13:48:28.061Z,2026-27,4,231747,i,0.0,Hamstring injury - Expected back 11 Oct,6.4
2026-09-07T13:48:28.061Z,2026-27,4,205533,a,,,5.5
2026-09-07T13:48:28.061Z,2026-27,4,660392,u,0.0,has returned to Getafe CF,5.0
2026-09-07T13:48:28.061Z,2026-27,4,433154,a,,,5.4
2026-09-07T13:48:28.061Z,2026-27,4,169593,a,,,4.0
2026-09-07T13:48:28.061Z,2026-27,4,223723,a,,,4.5
2026-09-07T13:48:28.061Z,2026-27,4,570794,a,,,5.0
2026-09-07T13:48:28.061Z,2026-27,4,559152,a,,,5.0
2026-09-07T13:48:28.061Z,2026-27,4,605972,a,,,4.5
2026-09-07T13:48:28.061Z,2026-27,4,172850,a,,,4.5
2026-09-07T13:48:28.061Z,2026-27,4,450063,a,,,5.0
2026-09-07T13:48:28.061Z,2026-27,4,533646,a,,,5.5
2026-09-07T13:48:28.061Z,2026-27,4,128295,i,0.0,Groin injury - Unknown return date,4.9
2026-09-07T13:48:28.061Z,2026-27,4,242898,a,,,5.9
2026-09-07T13:48:28.061Z,2026-27,4,111234,a,,,5.5
2026-09-07T13:48:28.061Z,2026-27,4,229600,a,,,5.0
2026-09-07T13:48:28.061Z,2026-27,4,138001,a,,,4.5
2026-09-07T13:48:28.061Z,2026-27,4,17761,a,,,6.0
2026-09-07T13:48:28.061Z,2026-27,4,480455,a,,,5.5
2026-09-07T13:48:28.061Z,2026-27,4,106611,a,,,4.9
2026-09-07T13:48:28.061Z,2026-27,4,512462,a,,,4.9
2026-09-07T13:48:28.061Z,2026-27,4,224967,a,,,4.5
2026-09-07T13:48:28.061Z,2026-27,4,243571,u,0.0,Has joined Torino permanently,4.5
2026-09-07T13:48:28.061Z,2026-27,4,499300,u,0.0,Has joined Malaga on loan for the rest of the season,4.0
2026-09-07T13:48:28.061Z,2026-27,4,215413,a,,,6.5
2026-09-07T13:48:28.061Z,2026-27,4,114283,a,100.0,,6.5
2026-09-07T13:48:28.061Z,2026-27,4,232928,d,75.0,Unspecified injury - 75% chance of playing,6.0
2026-09-07T13:48:28.061Z,2026-27,4,550615,a,,,5.5
2026-09-07T13:48:28.061Z,2026-27,4,502697,a,,,5.0
2026-09-07T13:48:28.061Z,2026-27,4,609873,a,,,5.0
2026-09-07T13:48:28.061Z,2026-27,4,496661,a,,,5.4
2026-09-07T13:48:28.061Z,2026-27,4,513466,a,,,5.0
2026-09-07T13:48:28.061Z,2026-27,4,244860,a,100.0,,5.5
2026-09-07T13:48:28.061Z,2026-27,4,486385,u,0.0,Has joined Fiorentina permanently,5.4
2026-09-07T13:48:28.061Z,2026-27,4,586309,a,,,5.6
2026-09-07T13:48:28.061Z,2026-27,4,154043,a,,,4.5
2026-09-07T13:48:28.061Z,2026-27,4,629068,a,,,4.5
2026-09-07T13:48:28.061Z,2026-27,4,80201,a,,,4.5
2026-09-07T13:48:28.061Z,2026-27,4,86873,a,,,4.0
2026-09-07T13:48:28.061Z,2026-27,4,505079,u,0.0,Has joined York City on loan for the rest of the season,4.0
2026-09-07T13:48:28.061Z,2026-27,4,174874,a,100.0,,5.0
2026-09-07T13:48:28.061Z,2026-27,4,169528,a,,,4.5
2026-09-07T13:48:28.061Z,2026-27,4,246301,a,,,4.5
2026-09-07T13:48:28.061Z,2026-27,4,167074,a,,,4.5
2026-09-07T13:48:28.061Z,2026-27,4,232892,a,,,4.5
2026-09-07T13:48:28.061Z,2026-27,4,166477,a,,,4.5
2026-09-07T13:48:28.061Z,2026-27,4,153133,a,,,5.5
2026-09-07T13:48:28.061Z,2026-27,4,209289,a,,,5.4
2026-09-07T13:48:28.061Z,2026-27,4,560552,a,,,5.4
2026-09-07T13:48:28.061Z,2026-27,4,477555,a,,,5.5
2026-09-07T13:48:28.061Z,2026-27,4,207189,a,,,5.0
2026-09-07T13:48:28.061Z,2026-27,4,76357,i,0.0,Knee injury - Expected back 10 Oct,5.0
2026-09-07T13:48:28.061Z,2026-27,4,577725,a,,,5.5
2026-09-07T13:48:28.061Z,2026-27,4,184349,a,,,4.5
2026-09-07T13:48:28.061Z,2026-27,4,153366,a,,,4.5
2026-09-07T13:48:28.061Z,2026-27,4,244042,a,,,5.4
2026-09-07T13:48:28.061Z,2026-27,4,631786,a,,,4.5
2026-09-07T13:48:28.061Z,2026-27,4,551466,a,,,6.0
2026-09-07T13:48:28.061Z,2026-27,4,571779,a,,,5.5
2026-09-07T13:48:28.061Z,2026-27,4,463210,a,,,5.0
2026-09-07T13:48:28.061Z,2026-27,4,547686,d,75.0,Unspecified injury - 75% chance of playing,4.0
2026-09-07T13:48:28.061Z,2026-27,4,616069,a,,,4.5
2026-09-07T13:48:28.061Z,2026-27,4,551050,a,,,5.0
2026-09-07T13:48:28.061Z,2026-27,4,500033,a,,,5.0
2026-09-07T13:48:28.061Z,2026-27,4,442299,a,,,4.5
2026-09-07T13:48:28.061Z,2026-27,4,490094,a,100.0,,5.0
2026-09-07T13:48:28.061Z,2026-27,4,167825,a,,,4.0
2026-09-07T13:48:28.061Z,2026-27,4,105666,i,0.0,Arm injury - Unknown return date,4.5
2026-09-07T13:48:28.061Z,2026-27,4,494950,u,0.0,Has joined Grimsby Town on loan for the rest of the season,4.0
2026-09-07T13:48:28.061Z,2026-27,4,444307,u,0.0,Has joined Colchester United on loan for the rest of the season,4.0
2026-09-07T13:48:28.061Z,2026-27,4,108416,a,,,4.1
2026-09-07T13:48:28.061Z,2026-27,4,501902,i,0.0,Groin injury - Unknown return date,4.0
2026-09-07T13:48:28.061Z,2026-27,4,146426,a,100.0,,4.1
2026-09-07T13:48:28.061Z,2026-27,4,193278,a,100.0,,4.0
2026-09-07T13:48:28.061Z,2026-27,4,433590,u,0.0,Has joined Genoa permanently,4.0
2026-09-07T13:48:28.061Z,2026-27,4,232351,a,,,4.0
2026-09-07T13:48:28.061Z,2026-27,4,449428,u,0.0,Has joined Newport County on loan until January,4.0
2026-09-07T13:48:28.061Z,2026-27,4,661800,a,,,4.0
2026-09-07T13:48:28.061Z,2026-27,4,160817,a,,,4.0
2026-09-07T13:48:28.061Z,2026-27,4,540324,a,,,5.0
2026-09-07T13:48:28.061Z,2026-27,4,232905,u,0.0,Has joined Birmingham on loan for the rest of the season,5.0
2026-09-07T13:48:28.061Z,2026-27,4,171270,a,,,4.5
2026-09-07T13:48:28.061Z,2026-27,4,101282,d,75.0,Thigh injury - 75% chance of playing,4.5
2026-09-07T13:48:28.061Z,2026-27,4,243413,a,,,4.5
2026-09-07T13:48:28.061Z,2026-27,4,465525,i,0.0,Knee injury - Unknown return date,4.5
2026-09-07T13:48:28.061Z,2026-27,4,208481,a,,,4.9
2026-09-07T13:48:28.061Z,2026-27,4,490161,u,0.0,Has joined Portsmouth permanently,5.0
2026-09-07T13:48:28.061Z,2026-27,4,553783,i,0.0,Thigh injury - Unknown return date,4.5
2026-09-07T13:48:28.061Z,2026-27,4,169432,a,,,5.5
2026-09-07T13:48:28.061Z,2026-27,4,213292,a,,,5.0
2026-09-07T13:48:28.061Z,2026-27,4,470294,i,0.0,Thigh injury - Unknown return date,4.5
2026-09-07T13:48:28.061Z,2026-27,4,500957,u,0.0,Has joined Konyaspor permanently,4.5
2026-09-07T13:48:28.061Z,2026-27,4,534392,u,0.0,Has joined Sheffield Wednesday on loan for the rest of the season,4.5
2026-09-07T13:48:28.061Z,2026-27,4,462635,a,100.0,,5.0
2026-09-07T13:48:28.061Z,2026-27,4,169359,a,,,4.0
2026-09-07T13:48:28.061Z,2026-27,4,445028,a,100.0,,5.0
2026-09-07T13:48:28.061Z,2026-27,4,473284,a,,,4.6
2026-09-07T13:48:28.061Z,2026-27,4,552946,a,,,4.9
2026-09-07T13:48:28.061Z,2026-27,4,608227,a,,,5.0
2026-09-07T13:48:28.061Z,2026-27,4,597462,a,,,4.0
2026-09-07T13:48:28.061Z,2026-27,4,606930,a,100.0,,4.0
2026-09-07T13:48:28.061Z,2026-27,4,469266,a,,,5.0
2026-09-07T13:48:28.061Z,2026-27,4,490884,a,,,5.0
2026-09-07T13:48:28.061Z,2026-27,4,626751,a,,,5.0
2026-09-07T13:48:28.061Z,2026-27,4,631000,a,,,5.0
2026-09-07T13:48:28.061Z,2026-27,4,496181,a,,,4.0
2026-09-07T13:48:28.061Z,2026-27,4,243951,a,,,5.5
2026-09-07T13:48:28.061Z,2026-27,4,647839,a,,,5.0
2026-09-07T13:48:28.061Z,2026-27,4,219924,a,,,4.0
2026-09-07T13:48:28.061Z,2026-27,4,212314,a,,,5.0
2026-09-07T13:48:28.061Z,2026-27,4,108813,a,,,4.5
2026-09-07T13:48:28.061Z,2026-27,4,112520,a,,,4.0
2026-09-07T13:48:28.061Z,2026-27,4,50093,a,,,4.0
2026-09-07T13:48:28.061Z,2026-27,4,183015,a,,,4.0
2026-09-07T13:48:28.061Z,2026-27,4,216616,a,,,4.0
2026-09-07T13:48:28.061Z,2026-27,4,455084,a,,,4.0
2026-09-07T13:48:28.061Z,2026-27,4,449429,a,,,4.0
2026-09-07T13:48:28.061Z,2026-27,4,222018,u,0.0,Has joined Stoke City on loan for the rest of the season,4.0
2026-09-07T13:48:28.061Z,2026-27,4,176420,a,,,4.0
2026-09-07T13:48:28.061Z,2026-27,4,501390,a,,,5.0
2026-09-07T13:48:28.061Z,2026-27,4,241117,i,0.0,Muscular injury - Unknown return date,5.0
2026-09-07T13:48:28.061Z,2026-27,4,149929,u,0.0,Has joined Leicester City permanently,5.0
2026-09-07T13:48:28.061Z,2026-27,4,231899,i,0.0,Knee injury - Unknown return date,4.5
2026-09-07T13:48:28.061Z,2026-27,4,443261,a,,,5.5
2026-09-07T13:48:28.061Z,2026-27,4,229164,u,0.0,Has joined Lincoln City on loan until January,4.9
2026-09-07T13:48:28.061Z,2026-27,4,531442,a,,,5.5
2026-09-07T13:48:28.061Z,2026-27,4,543968,a,100.0,,5.5
2026-09-07T13:48:28.061Z,2026-27,4,222625,u,0.0,Has joined Stoke City permanently,5.0
2026-09-07T13:48:28.061Z,2026-27,4,481624,i,0.0,Ankle injury - Unknown return date,5.4
2026-09-07T13:48:28.061Z,2026-27,4,172453,u,0.0,Has joined Derby County on loan for the rest of the season,5.0
2026-09-07T13:48:28.061Z,2026-27,4,147675,a,,,5.0
2026-09-07T13:48:28.061Z,2026-27,4,557012,a,,,4.5
2026-09-07T13:48:28.061Z,2026-27,4,462387,u,0.0,Has joined Sheffield Wednesday on loan for the rest of the season,5.0
2026-09-07T13:48:28.061Z,2026-27,4,461587,a,,,4.5
2026-09-07T13:48:28.061Z,2026-27,4,232457,a,,,4.9
2026-09-07T13:48:28.061Z,2026-27,4,546600,u,0.0,Has joined Valencia on loan for the rest of the season,4.5
2026-09-07T13:48:28.061Z,2026-27,4,442967,a,,,5.4
2026-09-07T13:48:28.061Z,2026-27,4,240514,a,,,4.5
2026-09-07T13:48:28.061Z,2026-27,4,216055,a,100.0,,4.9
2026-09-07T13:48:28.061Z,2026-27,4,474120,a,100.0,,5.5
2026-09-07T13:48:28.061Z,2026-27,4,572584,a,,,4.0
2026-09-07T13:48:28.061Z,2026-27,4,524180,u,0.0,Has joined Huddersfield Town on loan for the rest of the season,4.5
2026-09-07T13:48:28.061Z,2026-27,4,218543,a,,,5.0
2026-09-07T13:48:28.061Z,2026-27,4,431639,a,,,5.5
2026-09-07T13:48:28.061Z,2026-27,4,153682,a,,,6.4
2026-09-07T13:48:28.061Z,2026-27,4,201595,u,0.0,Has joined Torino on loan for the rest of the season,4.5
2026-09-07T13:48:28.061Z,2026-27,4,434752,a,,,5.0
2026-09-07T13:48:28.061Z,2026-27,4,214225,i,0.0,Hamstring injury - Expected back 21 Nov,4.4
2026-09-07T13:48:28.061Z,2026-27,4,226182,a,,,4.5
2026-09-07T13:48:28.061Z,2026-27,4,243526,a,100.0,,4.5
2026-09-07T13:48:28.061Z,2026-27,4,220627,a,,,4.5
2026-09-07T13:48:28.061Z,2026-27,4,437738,u,0.0,Has joined Hamburg SV on loan for the rest of the season,4.5
2026-09-07T13:48:28.061Z,2026-27,4,522047,a,,,5.0
2026-09-07T13:48:28.061Z,2026-27,4,466525,a,,,6.0
2026-09-07T13:48:28.061Z,2026-27,4,435997,a,,,5.9
2026-09-07T13:48:28.061Z,2026-27,4,427637,a,,,5.4
2026-09-07T13:48:28.061Z,2026-27,4,199598,a,,,5.5
2026-09-07T13:48:28.061Z,2026-27,4,180135,a,,,4.9
2026-09-07T13:48:28.061Z,2026-27,4,492859,u,0.0,Has joined ACF Fiorentina on loan for the rest of the season,5.0
2026-09-07T13:48:28.061Z,2026-27,4,221399,u,0.0,Has joined New England Revolution permanently,5.0
2026-09-07T13:48:28.061Z,2026-27,4,200617,a,,,5.0
2026-09-07T13:48:28.061Z,2026-27,4,486520,d,25.0,Knee injury - 25% chance of playing,5.0
2026-09-07T13:48:28.061Z,2026-27,4,248056,a,,,4.9
2026-09-07T13:48:28.061Z,2026-27,4,177815,a,,,6.0
2026-09-07T13:48:28.061Z,2026-27,4,174594,a,,,5.4
2026-09-07T13:48:28.061Z,2026-27,4,235826,u,0.0,Has joined West Ham United on loan for the rest of the season,5.0
2026-09-07T13:48:28.061Z,2026-27,4,565297,i,0.0,Knee injury - Unknown return date,4.5
2026-09-07T13:48:28.061Z,2026-27,4,432720,a,,,5.0
2026-09-07T13:48:28.061Z,2026-27,4,173774,a,,,4.5
2026-09-07T13:48:28.061Z,2026-27,4,643970,a,,,4.0
2026-09-07T13:48:28.061Z,2026-27,4,592740,a,,,4.5
2026-09-07T13:48:28.061Z,2026-27,4,97846,a,,,4.0
2026-09-07T13:48:28.061Z,2026-27,4,155465,a,,,4.0
2026-09-07T13:48:28.061Z,2026-27,4,437497,a,,,4.5
2026-09-07T13:48:28.061Z,2026-27,4,587982,a,,,5.0
2026-09-07T13:48:28.061Z,2026-27,4,116535,a,,,5.5
2026-09-07T13:48:28.061Z,2026-27,4,449027,a,,,4.9
2026-09-07T13:48:28.061Z,2026-27,4,155503,a,,,4.0
2026-09-07T13:48:28.061Z,2026-27,4,586268,u,0.0,Has joined TSV Hartberg on loan for the rest of the season,4.0
2026-09-07T13:48:28.061Z,2026-27,4,432987,i,0.0,Knee injury - Unknown return date,4.0
2026-09-07T13:48:28.061Z,2026-27,4,464353,a,,,4.0
2026-09-07T13:48:28.061Z,2026-27,4,97032,a,,,6.5
2026-09-07T13:48:28.061Z,2026-27,4,216094,a,,,5.4
2026-09-07T13:48:28.061Z,2026-27,4,544877,a,,,5.4
2026-09-07T13:48:28.061Z,2026-27,4,171287,i,0.0,Muscular injury - Unknown return date,5.0
2026-09-07T13:48:28.061Z,2026-27,4,492777,i,0.0,Knee injury - Unknown return date,5.0
2026-09-07T13:48:28.061Z,2026-27,4,519440,a,,,4.0
2026-09-07T13:48:28.061Z,2026-27,4,606702,a,100.0,,5.0
2026-09-07T13:48:28.061Z,2026-27,4,647681,i,0.0,Knee injury - Unknown return date,4.0
2026-09-07T13:48:28.061Z,2026-27,4,214285,a,,,4.9
2026-09-07T13:48:28.061Z,2026-27,4,489580,u,0.0,Has joined St Mirren on loan for the rest of the season,4.0
2026-09-07T13:48:28.061Z,2026-27,4,494595,a,,,7.4
2026-09-07T13:48:28.061Z,2026-27,4,243298,a,,,7.2
2026-09-07T13:48:28.061Z,2026-27,4,424876,a,,,7.0
2026-09-07T13:48:28.061Z,2026-27,4,611922,a,,,5.8
2026-09-07T13:48:28.061Z,2026-27,4,223541,i,0.0,Back injury - Unknown return date,5.4
2026-09-07T13:48:28.061Z,2026-27,4,441266,a,,,5.9
2026-09-07T13:48:28.061Z,2026-27,4,243016,a,,,5.4
2026-09-07T13:48:28.061Z,2026-27,4,206915,u,0.0,Has joined Internazionale permanently,5.5
2026-09-07T13:48:28.061Z,2026-27,4,158983,a,100.0,,5.0
2026-09-07T13:48:28.061Z,2026-27,4,591386,a,,,4.9
2026-09-07T13:48:28.061Z,2026-27,4,535928,u,0.0,Has joined Celta Vigo permanently,5.0
2026-09-07T13:48:28.061Z,2026-27,4,551499,a,,,6.5
2026-09-07T13:48:28.061Z,2026-27,4,491501,a,,,4.5
2026-09-07T13:48:28.061Z,2026-27,4,219168,a,,,9.0
2026-09-07T13:48:28.061Z,2026-27,4,510663,i,0.0,Achilles injury - Unknown return date,7.4
2026-09-07T13:48:28.061Z,2026-27,4,514514,a,,,5.0
2026-09-07T13:48:28.061Z,2026-27,4,500058,a,100.0,,4.5
2026-09-07T13:48:28.061Z,2026-27,4,444884,u,0.0,Has joined Valencia on loan for the rest of the season,5.4
2026-09-07T13:48:28.061Z,2026-27,4,445087,a,,,5.4
2026-09-07T13:48:28.061Z,2026-27,4,482616,a,,,8.0
2026-09-07T13:48:28.061Z,2026-27,4,448047,a,,,6.9
2026-09-07T13:48:28.061Z,2026-27,4,440993,a,,,5.9
2026-09-07T13:48:28.061Z,2026-27,4,204936,a,,,5.5
2026-09-07T13:48:28.061Z,2026-27,4,122074,a,,,4.5
2026-09-07T13:48:28.061Z,2026-27,4,472769,d,75.0,Back injury - 75% chance of playing,6.5
2026-09-07T13:48:28.061Z,2026-27,4,209036,a,,,6.0
2026-09-07T13:48:28.061Z,2026-27,4,465351,a,100.0,,5.9
2026-09-07T13:48:28.061Z,2026-27,4,171314,a,,,5.5
2026-09-07T13:48:28.061Z,2026-27,4,477424,a,,,5.6
2026-09-07T13:48:28.061Z,2026-27,4,448514,a,,,5.4
2026-09-07T13:48:28.061Z,2026-27,4,578153,a,,,5.5
2026-09-07T13:48:28.061Z,2026-27,4,494307,u,0.0,Has joined Burnley on loan for the rest of the season,5.0
2026-09-07T13:48:28.061Z,2026-27,4,477064,a,,,4.5
2026-09-07T13:48:28.061Z,2026-27,4,616222,a,,,4.5
2026-09-07T13:48:28.061Z,2026-27,4,437730,a,,,8.4
2026-09-07T13:48:28.061Z,2026-27,4,209244,a,,,7.0
2026-09-07T13:48:28.061Z,2026-27,4,466052,a,,,7.8
2026-09-07T13:48:28.061Z,2026-27,4,248875,i,0.0,Calf injury - Expected back 13 Sep,7.4
2026-09-07T13:48:28.061Z,2026-27,4,220566,u,0.0,Has joined Barcelona permanently,6.5
2026-09-07T13:48:28.061Z,2026-27,4,433036,u,0.0,Has joined Al Qadsiah permanently,6.0
2026-09-07T13:48:28.061Z,2026-27,4,91651,a,,,5.4
2026-09-07T13:48:28.061Z,2026-27,4,575204,u,0.0,Has joined Benfica on loan for the rest of the season,4.9
2026-09-07T13:48:28.061Z,2026-27,4,155405,u,0.0,Has joined Sheffield United on loan for the rest of the season,5.0
2026-09-07T13:48:28.061Z,2026-27,4,590039,u,0.0,has joined West Ham on loan for the rest of the seaon.,4.5
2026-09-07T13:48:28.061Z,2026-27,4,649208,u,0.0,Has joined Swansea City on loan for the rest of the season,4.9
2026-09-07T13:48:28.061Z,2026-27,4,223094,a,,,15.5
2026-09-07T13:48:28.061Z,2026-27,4,215379,a,100.0,,6.3
2026-09-07T13:48:28.061Z,2026-27,4,106921,a,,,5.0
2026-09-07T13:48:28.061Z,2026-27,4,637238,a,,,5.5
2026-09-07T13:48:28.061Z,2026-27,4,616288,a,,,4.5
2026-09-07T13:48:28.061Z,2026-27,4,554054,a,,,4.0
2026-09-07T13:48:28.061Z,2026-27,4,624777,a,,,6.0
2026-09-07T13:48:28.061Z,2026-27,4,595480,a,,,4.5
2026-09-07T13:48:28.061Z,2026-27,4,166989,a,100.0,,5.9
2026-09-07T13:48:28.061Z,2026-27,4,535301,i,0.0,Ankle injury - Expected back 19 Sep,5.0
2026-09-07T13:48:28.061Z,2026-27,4,532605,a,,,4.9
2026-09-07T13:48:28.061Z,2026-27,4,59735,a,100.0,,4.5
2026-09-07T13:48:28.061Z,2026-27,4,465247,a,,,5.0
2026-09-07T13:48:28.061Z,2026-27,4,451302,u,0.0,Has joined Celta Vigo on loan for the rest of the season,4.5
2026-09-07T13:48:28.061Z,2026-27,4,21205,i,0.0,Hamstring injury - Unknown return date,4.0
2026-09-07T13:48:28.061Z,2026-27,4,596777,a,,,5.9
2026-09-07T13:48:28.061Z,2026-27,4,209365,i,0.0,Back injury - Unknown return date,5.0
2026-09-07T13:48:28.061Z,2026-27,4,216051,a,,,4.9
2026-09-07T13:48:28.061Z,2026-27,4,95658,a,,,5.0
2026-09-07T13:48:28.061Z,2026-27,4,221820,a,100.0,,5.0
2026-09-07T13:48:28.061Z,2026-27,4,550864,a,,,4.9
2026-09-07T13:48:28.061Z,2026-27,4,606745,a,,,4.4
2026-09-07T13:48:28.061Z,2026-27,4,230001,a,,,4.5
2026-09-07T13:48:28.061Z,2026-27,4,106760,a,,,4.4
2026-09-07T13:48:28.061Z,2026-27,4,577974,a,,,4.0
2026-09-07T13:48:28.061Z,2026-27,4,547676,u,0.0,Has joined Lausanne-Sport permanently,4.0
2026-09-07T13:48:28.061Z,2026-27,4,141746,a,,,12.0
2026-09-07T13:48:28.061Z,2026-27,4,446008,a,,,7.9
2026-09-07T13:48:28.061Z,2026-27,4,430871,a,,,7.9
2026-09-07T13:48:28.061Z,2026-27,4,176297,a,,,7.0
2026-09-07T13:48:28.061Z,2026-27,4,184341,a,100.0,,5.4
2026-09-07T13:48:28.061Z,2026-27,4,493250,i,0.0,Unspecified injury - Unknown return date,5.8
2026-09-07T13:48:28.061Z,2026-27,4,516895,a,,,5.5
2026-09-07T13:48:28.061Z,2026-27,4,232112,i,0.0,Knee injury - Unknown return date,5.0
2026-09-07T13:48:28.061Z,2026-27,4,547037,a,,,5.0
2026-09-07T13:48:28.061Z,2026-27,4,576628,a,,,5.0
2026-09-07T13:48:28.061Z,2026-27,4,490881,u,0.0,Has joined West Brom permanently,5.0
2026-09-07T13:48:28.061Z,2026-27,4,576620,a,,,4.5
2026-09-07T13:48:28.061Z,2026-27,4,519913,a,,,4.5
2026-09-07T13:48:28.061Z,2026-27,4,485711,a,100.0,,7.0
2026-09-07T13:48:28.061Z,2026-27,4,458249,a,,,5.4
2026-09-07T13:48:28.061Z,2026-27,4,596047,a,,,4.5
2026-09-07T13:48:28.061Z,2026-27,4,465694,a,,,5.5
2026-09-07T13:48:28.061Z,2026-27,4,98747,a,,,4.9
2026-09-07T13:48:28.061Z,2026-27,4,81441,a,,,4.5
2026-09-07T13:48:28.061Z,2026-27,4,554578,a,,,4.5
2026-09-07T13:48:28.061Z,2026-27,4,465642,a,,,5.0
2026-09-07T13:48:28.061Z,2026-27,4,119471,a,100.0,,5.0
2026-09-07T13:48:28.061Z,2026-27,4,220237,a,,,5.0
2026-09-07T13:48:28.061Z,2026-27,4,78916,i,0.0,Ankle injury - Expected back 14 Sep,4.9
2026-09-07T13:48:28.061Z,2026-27,4,487838,a,,,5.1
2026-09-07T13:48:28.061Z,2026-27,4,441191,a,100.0,,4.9
2026-09-07T13:48:28.061Z,2026-27,4,545477,u,0.0,Has joined FC Kaiserslautern on loan for the rest of the season,4.0
2026-09-07T13:48:28.061Z,2026-27,4,201666,a,,,6.0
2026-09-07T13:48:28.061Z,2026-27,4,449434,a,,,6.1
2026-09-07T13:48:28.061Z,2026-27,4,232653,a,,,4.9
2026-09-07T13:48:28.061Z,2026-27,4,114243,a,,,5.9
2026-09-07T13:48:28.061Z,2026-27,4,180974,i,0.0,Unspecified injury - Unknown return date,5.4
2026-09-07T13:48:28.061Z,2026-27,4,547719,a,100.0,,5.5
2026-09-07T13:48:28.061Z,2026-27,4,200089,a,,,5.0
2026-09-07T13:48:28.061Z,2026-27,4,611665,a,,,5.9
2026-09-07T13:48:28.061Z,2026-27,4,636852,a,,,4.9
2026-09-07T13:48:28.061Z,2026-27,4,470313,u,0.0,Has joined Juventus on loan for the rest of the season,5.9
2026-09-07T13:48:28.061Z,2026-27,4,216646,a,,,6.2
2026-09-07T13:48:28.061Z,2026-27,4,538207,i,0.0,Foot injury - Unknown return date,5.9
2026-09-07T13:48:28.061Z,2026-27,4,599303,u,0.0,Has joined Wolves on loan for the rest of the season,4.5
2026-09-07T13:48:28.061Z,2026-27,4,632794,a,,,4.9
2026-09-07T13:48:28.061Z,2026-27,4,470551,a,,,5.0
2026-09-07T13:48:28.061Z,2026-27,4,463726,a,,,4.5
2026-09-07T13:48:28.061Z,2026-27,4,553746,a,,,4.0
2026-09-07T13:48:28.061Z,2026-27,4,613221,a,,,6.0
2026-09-07T13:48:28.061Z,2026-27,4,463034,a,,,5.5
2026-09-07T13:48:28.061Z,2026-27,4,247348,a,,,5.4
2026-09-07T13:48:28.061Z,2026-27,4,85633,a,,,5.0
2026-09-07T13:48:28.061Z,2026-27,4,221389,a,,,4.5
2026-09-07T13:48:28.061Z,2026-27,4,215136,a,,,5.0
2026-09-07T13:48:28.061Z,2026-27,4,485047,u,0.0,Has joined West Ham on loan for the rest of the season,5.0
2026-09-07T13:48:28.061Z,2026-27,4,227444,a,,,5.5
2026-09-07T13:48:28.061Z,2026-27,4,575476,a,100.0,,5.5
2026-09-07T13:48:28.061Z,2026-27,4,159506,a,,,4.5
2026-09-07T13:48:28.061Z,2026-27,4,575458,a,,,4.5
2026-09-07T13:48:28.061Z,2026-27,4,500151,i,0.0,Knee injury - Unknown return date,4.5
2026-09-07T13:48:28.061Z,2026-27,4,204822,a,,,4.0
2026-09-07T13:48:28.061Z,2026-27,4,549067,u,0.0,Has joined Southampton on loan for the rest of the season,4.0
2026-09-07T13:48:28.061Z,2026-27,4,470315,a,,,4.5
2026-09-07T13:48:28.061Z,2026-27,4,538638,u,0.0,Has joined Charlton Athletic on loan for the rest of the season,4.0
2026-09-07T13:48:28.061Z,2026-27,4,222531,a,100.0,,7.9
2026-09-07T13:48:28.061Z,2026-27,4,209046,a,100.0,,5.9
2026-09-07T13:48:28.061Z,2026-27,4,456512,a,,,5.5
2026-09-07T13:48:28.061Z,2026-27,4,503301,u,0.0,Has joined AC Milan on loan for the rest of the season,5.4
2026-09-07T13:48:28.061Z,2026-27,4,476887,u,0.0,Has joined Lille on loan for the rest of the season,5.5
2026-09-07T13:48:28.061Z,2026-27,4,432714,a,,,5.5
2026-09-07T13:48:28.061Z,2026-27,4,250199,a,,,4.9
2026-09-07T13:48:28.061Z,2026-27,4,210462,a,100.0,,4.9
2026-09-07T13:48:28.061Z,2026-27,4,204968,a,100.0,,4.5
2026-09-07T13:48:28.061Z,2026-27,4,60689,a,,,5.9
2026-09-07T13:48:28.061Z,2026-27,4,482973,a,,,5.9
2026-09-07T13:48:28.061Z,2026-27,4,465680,a,,,5.4
2026-09-07T13:48:28.061Z,2026-27,4,204561,a,,,5.0
2026-09-07T13:48:28.061Z,2026-27,4,568420,a,,,5.4
2026-09-07T13:48:28.061Z,2026-27,4,428971,a,,,4.5
2026-09-07T13:48:28.061Z,2026-27,4,469142,a,,,4.9
2026-09-07T13:48:28.061Z,2026-27,4,109646,a,,,4.4
2026-09-07T13:48:28.061Z,2026-27,4,438234,a,,,7.0
2026-09-07T13:48:28.061Z,2026-27,4,510281,a,100.0,,6.5
2026-09-07T13:48:28.061Z,2026-27,4,432422,a,,,5.4
2026-09-07T13:48:28.061Z,2026-27,4,184254,u,0.0,Has joined Juventus on loan for the rest of the season,4.5
2026-09-07T13:48:28.061Z,2026-27,4,214572,a,,,4.0
2026-09-07T13:48:28.061Z,2026-27,4,485055,a,,,4.5
2026-09-07T13:48:28.061Z,2026-27,4,67089,a,,,4.0
2026-09-07T13:48:28.061Z,2026-27,4,221466,a,,,5.9
2026-09-07T13:48:28.061Z,2026-27,4,441164,a,100.0,,5.5
2026-09-07T13:48:28.061Z,2026-27,4,221632,u,0.0,Has joined Atletico Madrid permanently,5.0
2026-09-07T13:48:28.061Z,2026-27,4,122798,a,,,4.5
2026-09-07T13:48:28.061Z,2026-27,4,491279,a,100.0,,5.0
2026-09-07T13:48:28.061Z,2026-27,4,232859,u,0.0,Has joined Internazionale permanently,4.5
2026-09-07T13:48:28.061Z,2026-27,4,487053,a,,,4.5
2026-09-07T13:48:28.061Z,2026-27,4,548308,u,0.0,Has joined Middlesbrough permanently,4.5
2026-09-07T13:48:28.061Z,2026-27,4,115556,a,,,4.0
2026-09-07T13:48:28.061Z,2026-27,4,640419,a,,,4.0
2026-09-07T13:48:28.061Z,2026-27,4,499716,a,,,4.0
2026-09-07T13:48:28.061Z,2026-27,4,616221,u,0.0,Has joined FC Porto on loan for the rest of the season,4.0
2026-09-07T13:48:28.061Z,2026-27,4,460842,a,100.0,,6.5
2026-09-07T13:48:28.061Z,2026-27,4,493362,i,0.0,Knee injury - Unknown return date,6.0
2026-09-07T13:48:28.061Z,2026-27,4,511499,a,,,5.9
2026-09-07T13:48:28.061Z,2026-27,4,172780,d,75.0,Shoulder injury - 75% chance of playing,6.4
2026-09-07T13:48:28.061Z,2026-27,4,202993,a,,,5.5
2026-09-07T13:48:28.061Z,2026-27,4,550839,i,0.0,Knee injury - Unknown return date,5.5
2026-09-07T13:48:28.061Z,2026-27,4,482442,u,0.0,Has joined Juventus on loan for the rest of the season,4.9
2026-09-07T13:48:28.061Z,2026-27,4,232787,a,,,5.4
2026-09-07T13:48:28.061Z,2026-27,4,570526,a,,,5.4
2026-09-07T13:48:28.061Z,2026-27,4,445044,i,0.0,Knee injury - Unknown return date,6.5
2026-09-07T13:48:28.061Z,2026-27,4,547701,a,,,5.0
2026-09-07T13:48:28.061Z,2026-27,4,499721,u,0.0,Has joined FC Köln on loan for the rest of the season,5.0
2026-09-07T13:48:28.061Z,2026-27,4,499726,a,,,4.5
2026-09-07T13:48:28.061Z,2026-27,4,551226,a,,,5.9
2026-09-07T13:48:28.061Z,2026-27,4,154566,a,,,5.9
2026-09-07T13:48:28.061Z,2026-27,4,212319,u,0.0,not included in squad.,5.9
2026-09-07T13:48:28.061Z,2026-27,4,490145,u,0.0,Has joined Leyton Orient permanently,4.5
2026-09-07T13:48:28.061Z,2026-27,4,465920,a,,,5.4
2026-09-07T13:48:28.061Z,2026-27,4,611917,a,,,4.5
2026-09-07T13:48:28.061Z,2026-27,4,135720,a,,,5.0
2026-09-07T13:48:28.061Z,2026-27,4,498016,a,,,5.0
2026-09-07T13:48:28.061Z,2026-27,4,232571,u,0.0,Has joined Wrexham permanently,4.0
2026-09-07T13:48:28.061Z,2026-27,4,515046,a,,,4.5
2026-09-07T13:48:28.061Z,2026-27,4,223827,a,,,4.9
2026-09-07T13:48:28.061Z,2026-27,4,200834,a,100.0,,5.5
2026-09-07T13:48:28.061Z,2026-27,4,487676,a,,,4.5
2026-09-07T13:48:28.061Z,2026-27,4,201895,a,100.0,,4.9
2026-09-07T13:48:28.061Z,2026-27,4,434399,a,,,4.5
2026-09-07T13:48:28.061Z,2026-27,4,519634,u,0.0,Has joined Swansea City on loan for the rest of the season,4.5
2026-09-07T13:48:28.061Z,2026-27,4,477547,u,0.0,Has joined KV Mechelen on loan for the rest of the season,4.0
2026-09-07T13:48:28.061Z,2026-27,4,167512,a,,,4.0
2026-09-07T13:48:28.061Z,2026-27,4,105717,u,0.0,Has joined Konyaspor permanently,4.0
2026-09-07T13:48:28.061Z,2026-27,4,93605,a,100.0,,4.5
2026-09-07T13:48:28.061Z,2026-27,4,484420,a,,,5.9
2026-09-07T13:48:28.061Z,2026-27,4,547027,i,0.0,Hamstring injury - Unknown return date,5.4
2026-09-07T13:48:28.061Z,2026-27,4,84450,a,,,5.5
2026-09-07T13:48:28.061Z,2026-27,4,577669,a,,,5.0
2026-09-07T13:48:28.061Z,2026-27,4,535818,u,0.0,Has joined Ajax on loan for the rest of the season,4.9
2026-09-07T13:48:28.061Z,2026-27,4,461199,a,,,4.9
2026-09-07T13:48:28.061Z,2026-27,4,554197,a,,,4.9
2026-09-07T13:48:28.061Z,2026-27,4,549912,a,,,5.4
2026-09-07T13:48:28.061Z,2026-27,4,699989,a,,,5.0
2026-09-07T13:48:28.061Z,2026-27,4,536661,a,,,5.0
2026-09-07T13:48:28.061Z,2026-27,4,441264,a,,,5.9
2026-09-07T13:48:28.061Z,2026-27,4,437505,a,,,5.5
2026-09-07T13:48:28.061Z,2026-27,4,638411,a,100.0,,4.5
2026-09-07T13:48:28.061Z,2026-27,4,696104,a,,,4.5
2026-09-07T13:48:28.061Z,2026-27,4,549940,a,,,5.5
2026-09-07T13:48:28.061Z,2026-27,4,661313,a,,,4.5
2026-09-09T10:18:05.592669+00:00,2026-27,4,154561,a,,,6.0
2026-09-09T10:18:05.592669+00:00,2026-27,4,109745,a,,,4.9
2026-09-09T10:18:05.592669+00:00,2026-27,4,437495,a,,,4.9
2026-09-09T10:18:05.592669+00:00,2026-27,4,226597,a,,,8.0
2026-09-09T10:18:05.592669+00:00,2026-27,4,445122,d,25.0,Groin injury - 25% chance of playing,6.5
2026-09-09T10:18:05.592669+00:00,2026-27,4,462424,i,0.0,Back injury - Unknown return date,5.9
2026-09-09T10:18:05.592669+00:00,2026-27,4,499169,a,,,5.5
2026-09-09T10:18:05.592669+00:00,2026-27,4,466075,a,,,5.7
2026-09-09T10:18:05.592669+00:00,2026-27,4,448104,a,,,5.3
2026-09-09T10:18:05.592669+00:00,2026-27,4,198869,a,100.0,,5.5
2026-09-09T10:18:05.592669+00:00,2026-27,4,500040,d,75.0,Muscular injury - 75% chance of playing,5.4
2026-09-09T10:18:05.592669+00:00,2026-27,4,223340,a,,,9.5
2026-09-09T10:18:05.592669+00:00,2026-27,4,204480,a,,,7.4
2026-09-09T10:18:05.592669+00:00,2026-27,4,232413,a,,,6.4
2026-09-09T10:18:05.592669+00:00,2026-27,4,184029,a,,,6.6
2026-09-09T10:18:05.592669+00:00,2026-27,4,248857,a,,,6.3
2026-09-09T10:18:05.592669+00:00,2026-27,4,195384,a,,,5.9
2026-09-09T10:18:05.592669+00:00,2026-27,4,444145,u,0.0,Has joined Al Hilal permanently,6.3
2026-09-09T10:18:05.592669+00:00,2026-27,4,481655,a,,,5.4
2026-09-09T10:18:05.592669+00:00,2026-27,4,616077,a,,,5.3
2026-09-09T10:18:05.592669+00:00,2026-27,4,499175,u,0.0,Has joined Borussia Dortmund on loan for the rest of the season,5.4
2026-09-09T10:18:05.592669+00:00,2026-27,4,438098,u,0.0,Has joined Hamburger SV permanently,5.5
2026-09-09T10:18:05.592669+00:00,2026-27,4,200641,u,0.0,has departed the club as a free agent.,5.5
2026-09-09T10:18:05.592669+00:00,2026-27,4,224117,a,,,7.3
2026-09-09T10:18:05.592669+00:00,2026-27,4,219847,a,,,7.5
2026-09-09T10:18:05.592669+00:00,2026-27,4,205651,u,0.0,Has joined FC Barcelona permanently,5.9
2026-09-09T10:18:05.592669+00:00,2026-27,4,199798,a,,,4.4
2026-09-09T10:18:05.592669+00:00,2026-27,4,208706,a,100.0,,6.8
2026-09-09T10:18:05.592669+00:00,2026-27,4,439509,a,,,6.4
2026-09-09T10:18:05.592669+00:00,2026-27,4,72147,a,,,4.5
2026-09-09T10:18:05.592669+00:00,2026-27,4,101188,u,0.0,Has joined Paris Saint-Germain permanently,4.5
2026-09-09T10:18:05.592669+00:00,2026-27,4,199796,a,,,4.5
2026-09-09T10:18:05.592669+00:00,2026-27,4,149484,a,,,4.5
2026-09-09T10:18:05.592669+00:00,2026-27,4,244954,a,,,4.5
2026-09-09T10:18:05.592669+00:00,2026-27,4,515597,a,,,5.0
2026-09-09T10:18:05.592669+00:00,2026-27,4,441302,a,,,4.5
2026-09-09T10:18:05.592669+00:00,2026-27,4,184667,a,,,4.5
2026-09-09T10:18:05.592669+00:00,2026-27,4,606798,a,,,4.0
2026-09-09T10:18:05.592669+00:00,2026-27,4,578545,u,0.0,Has joined Rangers on loan for the rest of the season,4.0
2026-09-09T10:18:05.592669+00:00,2026-27,4,195546,a,,,5.9
2026-09-09T10:18:05.592669+00:00,2026-27,4,215711,u,0.0,Has joined Olympiakos permanently,5.4
2026-09-09T10:18:05.592669+00:00,2026-27,4,122806,a,,,5.4
2026-09-09T10:18:05.592669+00:00,2026-27,4,88894,a,,,5.0
2026-09-09T10:18:05.592669+00:00,2026-27,4,226944,a,100.0,,5.0
2026-09-09T10:18:05.592669+00:00,2026-27,4,449871,i,0.0,Knee injury - Unknown return date,5.0
2026-09-09T10:18:05.592669+00:00,2026-27,4,469247,u,0.0,Has joined Bolton Wanderers on loan for the rest of the season,5.0
2026-09-09T10:18:05.592669+00:00,2026-27,4,645618,a,,,4.5
2026-09-09T10:18:05.592669+00:00,2026-27,4,577285,a,,,4.5
2026-09-09T10:18:05.592669+00:00,2026-27,4,653481,a,,,5.0
2026-09-09T10:18:05.592669+00:00,2026-27,4,614071,i,0.0,Knee injury - Expected back 12 Sep,5.9
2026-09-09T10:18:05.592669+00:00,2026-27,4,448089,s,0.0,Suspended until 19 Sep,5.5
2026-09-09T10:18:05.592669+00:00,2026-27,4,178301,u,0.0,Has joined Al Hilal permanently,7.8
2026-09-09T10:18:05.592669+00:00,2026-27,4,173879,a,100.0,,5.5
2026-09-09T10:18:05.592669+00:00,2026-27,4,493105,a,,,5.9
2026-09-09T10:18:05.592669+00:00,2026-27,4,517052,a,,,6.5
2026-09-09T10:18:05.592669+00:00,2026-27,4,690838,i,0.0,Unspecified injury - Unknown return date,5.5
2026-09-09T10:18:05.592669+00:00,2026-27,4,487992,a,,,4.5
2026-09-09T10:18:05.592669+00:00,2026-27,4,433969,a,,,5.0
2026-09-09T10:18:05.592669+00:00,2026-27,4,569577,a,,,4.0
2026-09-09T10:18:05.592669+00:00,2026-27,4,571380,u,0.0,Has joined Oxford United on loan until January,4.5
2026-09-09T10:18:05.592669+00:00,2026-27,4,214590,a,,,4.5
2026-09-09T10:18:05.592669+00:00,2026-27,4,119090,i,0.0,Knee injury - Expected back 10 Oct,6.0
2026-09-09T10:18:05.592669+00:00,2026-27,4,245719,a,,,4.5
2026-09-09T10:18:05.592669+00:00,2026-27,4,638987,a,,,6.0
2026-09-09T10:18:05.592669+00:00,2026-27,4,457569,a,,,4.5
2026-09-09T10:18:05.592669+00:00,2026-27,4,40383,a,,,4.0
2026-09-09T10:18:05.592669+00:00,2026-27,4,444172,u,0.0,Has joined MK Dons permanently,4.0
2026-09-09T10:18:05.592669+00:00,2026-27,4,463981,a,,,5.5
2026-09-09T10:18:05.592669+00:00,2026-27,4,494521,a,,,5.5
2026-09-09T10:18:05.592669+00:00,2026-27,4,242882,a,,,5.0
2026-09-09T10:18:05.592669+00:00,2026-27,4,620487,i,0.0,Unspecified injury - Unknown return date,5.0
2026-09-09T10:18:05.592669+00:00,2026-27,4,54469,a,,,4.5
2026-09-09T10:18:05.592669+00:00,2026-27,4,436893,i,0.0,Thigh injury - Unknown return date,4.4
2026-09-09T10:18:05.592669+00:00,2026-27,4,575901,a,100.0,,4.0
2026-09-09T10:18:05.592669+00:00,2026-27,4,499604,a,,,6.4
2026-09-09T10:18:05.592669+00:00,2026-27,4,201658,a,,,6.0
2026-09-09T10:18:05.592669+00:00,2026-27,4,503139,a,,,6.0
2026-09-09T10:18:05.592669+00:00,2026-27,4,222683,a,,,6.0
2026-09-09T10:18:05.592669+00:00,2026-27,4,155408,a,,,5.0
2026-09-09T10:18:05.592669+00:00,2026-27,4,496208,a,,,4.9
2026-09-09T10:18:05.592669+00:00,2026-27,4,200785,a,100.0,,5.0
2026-09-09T10:18:05.592669+00:00,2026-27,4,111317,a,100.0,,5.0
2026-09-09T10:18:05.592669+00:00,2026-27,4,158499,a,100.0,,5.0
2026-09-09T10:18:05.592669+00:00,2026-27,4,614574,a,,,5.0
2026-09-09T10:18:05.592669+00:00,2026-27,4,489888,i,0.0,Unspecified injury - Unknown return date,4.9
2026-09-09T10:18:05.592669+00:00,2026-27,4,560262,i,0.0,Foot injury - Unknown return date,7.4
2026-09-09T10:18:05.592669+00:00,2026-27,4,444102,a,,,6.0
2026-09-09T10:18:05.592669+00:00,2026-27,4,168636,u,0.0,Has joined Getafe permanently,5.5
2026-09-09T10:18:05.592669+00:00,2026-27,4,561245,a,100.0,,6.0
2026-09-09T10:18:05.592669+00:00,2026-27,4,483067,a,,,5.0
2026-09-09T10:18:05.592669+00:00,2026-27,4,494928,a,,,4.5
2026-09-09T10:18:05.592669+00:00,2026-27,4,523700,a,,,5.0
2026-09-09T10:18:05.592669+00:00,2026-27,4,230650,a,,,4.5
2026-09-09T10:18:05.592669+00:00,2026-27,4,200720,a,,,5.0
2026-09-09T10:18:05.592669+00:00,2026-27,4,507433,a,,,4.5
2026-09-09T10:18:05.592669+00:00,2026-27,4,432830,d,25.0,Calf injury - 25% chance of playing,5.5
2026-09-09T10:18:05.592669+00:00,2026-27,4,444765,i,0.0,Groin injury - Unknown return date,4.9
2026-09-09T10:18:05.592669+00:00,2026-27,4,249231,a,,,5.5
2026-09-09T10:18:05.592669+00:00,2026-27,4,191866,a,,,4.5
2026-09-09T10:18:05.592669+00:00,2026-27,4,607464,a,,,4.6
2026-09-09T10:18:05.592669+00:00,2026-27,4,194010,a,,,4.5
2026-09-09T10:18:05.592669+00:00,2026-27,4,472713,a,,,4.5
2026-09-09T10:18:05.592669+00:00,2026-27,4,570241,a,,,4.5
2026-09-09T10:18:05.592669+00:00,2026-27,4,513086,a,,,4.5
2026-09-09T10:18:05.592669+00:00,2026-27,4,513418,a,,,6.0
2026-09-09T10:18:05.592669+00:00,2026-27,4,533463,a,,,6.4
2026-09-09T10:18:05.592669+00:00,2026-27,4,440089,a,,,5.5
2026-09-09T10:18:05.592669+00:00,2026-27,4,207283,i,0.0,Unspecified injury - Expected back 18 Sep,5.5
2026-09-09T10:18:05.592669+00:00,2026-27,4,204580,a,,,5.0
2026-09-09T10:18:05.592669+00:00,2026-27,4,543295,i,0.0,Knee injury - Unknown return date,5.0
2026-09-09T10:18:05.592669+00:00,2026-27,4,244858,a,100.0,,5.0
2026-09-09T10:18:05.592669+00:00,2026-27,4,508395,a,,,4.9
2026-09-09T10:18:05.592669+00:00,2026-27,4,183656,i,0.0,Hamstring injury - Expected back 10 Oct,5.0
2026-09-09T10:18:05.592669+00:00,2026-27,4,444180,a,,,6.0
2026-09-09T10:18:05.592669+00:00,2026-27,4,502500,a,,,7.9
2026-09-09T10:18:05.592669+00:00,2026-27,4,593174,a,,,4.5
2026-09-09T10:18:05.592669+00:00,2026-27,4,75115,a,,,5.5
2026-09-09T10:18:05.592669+00:00,2026-27,4,513545,a,,,5.7
2026-09-09T10:18:05.592669+00:00,2026-27,4,613804,a,,,4.5
2026-09-09T10:18:05.592669+00:00,2026-27,4,489639,a,,,4.5
2026-09-09T10:18:05.592669+00:00,2026-27,4,49262,a,,,4.0
2026-09-09T10:18:05.592669+00:00,2026-27,4,231416,a,100.0,,4.4
2026-09-09T10:18:05.592669+00:00,2026-27,4,204120,a,,,4.5
2026-09-09T10:18:05.592669+00:00,2026-27,4,465730,a,,,4.8
2026-09-09T10:18:05.592669+00:00,2026-27,4,83299,a,,,4.5
2026-09-09T10:18:05.592669+00:00,2026-27,4,550090,a,,,4.5
2026-09-09T10:18:05.592669+00:00,2026-27,4,223434,u,0.0,Has joined Burnley permanently,4.5
2026-09-09T10:18:05.592669+00:00,2026-27,4,451490,a,,,4.5
2026-09-09T10:18:05.592669+00:00,2026-27,4,454490,a,,,5.0
2026-09-09T10:18:05.592669+00:00,2026-27,4,451340,i,0.0,Hamstring injury - Unknown return date,5.9
2026-09-09T10:18:05.592669+00:00,2026-27,4,592031,i,0.0,Leg injury - Expected back 28 Nov,5.9
2026-09-09T10:18:05.592669+00:00,2026-27,4,532529,d,50.0,Unspecified injury - 50% chance of playing,6.0
2026-09-09T10:18:05.592669+00:00,2026-27,4,60307,a,,,5.5
2026-09-09T10:18:05.592669+00:00,2026-27,4,463067,d,75.0,Unspecified injury - 75% chance of playing,5.5
2026-09-09T10:18:05.592669+00:00,2026-27,4,219249,a,,,5.5
2026-09-09T10:18:05.592669+00:00,2026-27,4,514254,a,,,5.0
2026-09-09T10:18:05.592669+00:00,2026-27,4,536916,u,0.0,Has joined Elche on loan for the rest of the season,5.0
2026-09-09T10:18:05.592669+00:00,2026-27,4,509416,a,100.0,,5.4
2026-09-09T10:18:05.592669+00:00,2026-27,4,467779,i,0.0,Knee injury - Unknown return date,5.0
2026-09-09T10:18:05.592669+00:00,2026-27,4,597320,u,0.0,Has joined Leicester City on loan for the rest of the season,4.5
2026-09-09T10:18:05.592669+00:00,2026-27,4,549074,u,0.0,Has joined Leicester City on loan for the rest of the season,5.0
2026-09-09T10:18:05.592669+00:00,2026-27,4,556637,a,,,4.5
2026-09-09T10:18:05.592669+00:00,2026-27,4,700308,a,,,4.9
2026-09-09T10:18:05.592669+00:00,2026-27,4,608181,i,0.0,Knee injury - Unknown return date,5.5
2026-09-09T10:18:05.592669+00:00,2026-27,4,647850,a,,,5.5
2026-09-09T10:18:05.592669+00:00,2026-27,4,487117,i,0.0,Ankle injury - Expected back 10 Oct,5.0
2026-09-09T10:18:05.592669+00:00,2026-27,4,222694,a,100.0,,5.0
2026-09-09T10:18:05.592669+00:00,2026-27,4,610799,a,,,5.0
2026-09-09T10:18:05.592669+00:00,2026-27,4,538007,a,,,6.0
2026-09-09T10:18:05.592669+00:00,2026-27,4,612855,a,,,5.0
2026-09-09T10:18:05.592669+00:00,2026-27,4,611695,a,,,4.5
2026-09-09T10:18:05.592669+00:00,2026-27,4,512123,a,,,4.5
2026-09-09T10:18:05.592669+00:00,2026-27,4,519324,u,0.0,Has joined Middlesbrough on loan for the rest of the season,5.0
2026-09-09T10:18:05.592669+00:00,2026-27,4,592984,a,,,5.5
2026-09-09T10:18:05.592669+00:00,2026-27,4,471551,i,0.0,Unspecified injury - Expected back 13 Sep,5.5
2026-09-09T10:18:05.592669+00:00,2026-27,4,98980,a,,,5.0
2026-09-09T10:18:05.592669+00:00,2026-27,4,244850,a,,,7.6
2026-09-09T10:18:05.592669+00:00,2026-27,4,56979,d,75.0,Wrist injury - 75% chance of playing,4.9
2026-09-09T10:18:05.592669+00:00,2026-27,4,50175,a,100.0,,5.9
2026-09-09T10:18:05.592669+00:00,2026-27,4,215059,u,0.0,Has joined Como on loan for the rest of the season,4.9
2026-09-09T10:18:05.592669+00:00,2026-27,4,508479,u,0.0,Has joined RC Strasbourg on loan for the rest of the season,5.0
2026-09-09T10:18:05.592669+00:00,2026-27,4,225796,a,,,5.4
2026-09-09T10:18:05.592669+00:00,2026-27,4,180736,u,0.0,Has joined Como permanently,5.5
2026-09-09T10:18:05.592669+00:00,2026-27,4,482609,a,,,5.0
2026-09-09T10:18:05.592669+00:00,2026-27,4,444463,a,100.0,,5.0
2026-09-09T10:18:05.592669+00:00,2026-27,4,242880,u,0.0,Has joined Napoli on loan for the rest of the season,4.5
2026-09-09T10:18:05.592669+00:00,2026-27,4,551210,a,,,4.5
2026-09-09T10:18:05.592669+00:00,2026-27,4,460028,a,,,4.9
2026-09-09T10:18:05.592669+00:00,2026-27,4,574458,u,0.0,Has joined Real Sociedad on loan for the rest of the season,4.5
2026-09-09T10:18:05.592669+00:00,2026-27,4,577016,a,,,4.5
2026-09-09T10:18:05.592669+00:00,2026-27,4,620109,d,75.0,Unspecified injury - 75% chance of playing,5.4
2026-09-09T10:18:05.592669+00:00,2026-27,4,244851,a,100.0,,9.6
2026-09-09T10:18:05.592669+00:00,2026-27,4,247632,a,,,6.5
2026-09-09T10:18:05.592669+00:00,2026-27,4,624773,a,,,6.4
2026-09-09T10:18:05.592669+00:00,2026-27,4,463936,a,,,5.9
2026-09-09T10:18:05.592669+00:00,2026-27,4,486672,d,75.0,Unspecified injury - 75% chance of playing,5.4
2026-09-09T10:18:05.592669+00:00,2026-27,4,514356,a,,,5.0
2026-09-09T10:18:05.592669+00:00,2026-27,4,491007,u,0.0,Has joined RC Strasbourg on loan for the rest of the season,4.5
2026-09-09T10:18:05.592669+00:00,2026-27,4,593117,a,100.0,,5.4
2026-09-09T10:18:05.592669+00:00,2026-27,4,475168,a,,,7.7
2026-09-09T10:18:05.592669+00:00,2026-27,4,499309,u,0.0,Has joined RB Leipzig permanently,5.0
2026-09-09T10:18:05.592669+00:00,2026-27,4,567119,a,,,4.5
2026-09-09T10:18:05.592669+00:00,2026-27,4,503037,a,100.0,,5.0
2026-09-09T10:18:05.592669+00:00,2026-27,4,437499,a,,,6.0
2026-09-09T10:18:05.592669+00:00,2026-27,4,549939,a,,,4.5
2026-09-09T10:18:05.592669+00:00,2026-27,4,622758,a,100.0,,4.5
2026-09-09T10:18:05.592669+00:00,2026-27,4,543158,a,,,5.5
2026-09-09T10:18:05.592669+00:00,2026-27,4,498444,a,,,4.9
2026-09-09T10:18:05.592669+00:00,2026-27,4,231065,a,,,4.5
2026-09-09T10:18:05.592669+00:00,2026-27,4,428580,a,,,4.9
2026-09-09T10:18:05.592669+00:00,2026-27,4,472739,a,,,4.5
2026-09-09T10:18:05.592669+00:00,2026-27,4,484389,u,0.0,Has joined Leyton Orient on loan for the rest of the season,4.0
2026-09-09T10:18:05.592669+00:00,2026-27,4,110690,a,,,4.5
2026-09-09T10:18:05.592669+00:00,2026-27,4,461102,a,,,4.0
2026-09-09T10:18:05.592669+00:00,2026-27,4,436761,u,0.0,Has joined Sheffield United on loan for the rest of the season,4.0
2026-09-09T10:18:05.592669+00:00,2026-27,4,451284,a,,,4.0
2026-09-09T10:18:05.592669+00:00,2026-27,4,173878,a,,,4.0
2026-09-09T10:18:05.592669+00:00,2026-27,4,465390,i,0.0,Hamstring injury - Unknown return date,4.0
2026-09-09T10:18:05.592669+00:00,2026-27,4,80178,a,,,4.0
2026-09-09T10:18:05.592669+00:00,2026-27,4,204813,a,,,4.0
2026-09-09T10:18:05.592669+00:00,2026-27,4,220583,i,0.0,Knee injury - Unknown return date,4.0
2026-09-09T10:18:05.592669+00:00,2026-27,4,577411,u,0.0,Has joined Academico de Viseu on loan for the rest of the season,4.0
2026-09-09T10:18:05.592669+00:00,2026-27,4,539142,a,,,4.0
2026-09-09T10:18:05.592669+00:00,2026-27,4,480457,a,100.0,,5.0
2026-09-09T10:18:05.592669+00:00,2026-27,4,168144,a,,,5.0
2026-09-09T10:18:05.592669+00:00,2026-27,4,501459,a,,,4.9
2026-09-09T10:18:05.592669+00:00,2026-27,4,241293,a,100.0,,5.4
2026-09-09T10:18:05.592669+00:00,2026-27,4,439668,a,,,4.9
2026-09-09T10:18:05.592669+00:00,2026-27,4,226965,a,,,5.4
2026-09-09T10:18:05.592669+00:00,2026-27,4,684268,a,,,4.5
2026-09-09T10:18:05.592669+00:00,2026-27,4,469272,a,,,5.5
2026-09-09T10:18:05.592669+00:00,2026-27,4,492498,u,0.0,Has joined Burton Albion on loan for the rest of the season,4.5
2026-09-09T10:18:05.592669+00:00,2026-27,4,629397,u,0.0,Has joined Oxford United on loan for the rest of the season,4.5
2026-09-09T10:18:05.592669+00:00,2026-27,4,176412,i,0.0,Thigh injury - Unknown return date,5.4
2026-09-09T10:18:05.592669+00:00,2026-27,4,230730,a,,,5.0
2026-09-09T10:18:05.592669+00:00,2026-27,4,218997,a,,,5.0
2026-09-09T10:18:05.592669+00:00,2026-27,4,551262,u,0.0,Has joined Shabab Al-Ahli Dubai permanently,5.0
2026-09-09T10:18:05.592669+00:00,2026-27,4,549653,u,0.0,Has joined KVC Westerlo on loan for the rest of the season,4.5
2026-09-09T10:18:05.592669+00:00,2026-27,4,210156,a,,,5.5
2026-09-09T10:18:05.592669+00:00,2026-27,4,661888,a,,,4.9
2026-09-09T10:18:05.592669+00:00,2026-27,4,196100,a,,,5.4
2026-09-09T10:18:05.592669+00:00,2026-27,4,627221,a,,,5.0
2026-09-09T10:18:05.592669+00:00,2026-27,4,79602,a,,,4.0
2026-09-09T10:18:05.592669+00:00,2026-27,4,485337,a,,,5.5
2026-09-09T10:18:05.592669+00:00,2026-27,4,220362,a,,,4.5
2026-09-09T10:18:05.592669+00:00,2026-27,4,172649,a,100.0,,5.0
2026-09-09T10:18:05.592669+00:00,2026-27,4,121709,a,,,4.5
2026-09-09T10:18:05.592669+00:00,2026-27,4,427623,a,,,5.0
2026-09-09T10:18:05.592669+00:00,2026-27,4,651426,a,,,4.9
2026-09-09T10:18:05.592669+00:00,2026-27,4,244723,a,,,4.5
2026-09-09T10:18:05.592669+00:00,2026-27,4,218364,u,0.0,Has joined FC Cologne on loan for the rest of the season,4.5
2026-09-09T10:18:05.592669+00:00,2026-27,4,515621,i,0.0,Knee injury - Unknown return date,4.4
2026-09-09T10:18:05.592669+00:00,2026-27,4,242313,a,,,4.4
2026-09-09T10:18:05.592669+00:00,2026-27,4,232185,i,0.0,Groin injury - Unknown return date,6.3
2026-09-09T10:18:05.592669+00:00,2026-27,4,496221,a,100.0,,5.5
2026-09-09T10:18:05.592669+00:00,2026-27,4,488024,a,,,5.5
2026-09-09T10:18:05.592669+00:00,2026-27,4,108413,a,,,4.5
2026-09-09T10:18:05.592669+00:00,2026-27,4,152551,a,,,4.9
2026-09-09T10:18:05.592669+00:00,2026-27,4,209400,a,,,5.0
2026-09-09T10:18:05.592669+00:00,2026-27,4,489706,u,0.0,Has joined Stoke City permanently,5.0
2026-09-09T10:18:05.592669+00:00,2026-27,4,606921,u,0.0,Has joined Millwall on loan for the rest of the season,5.0
2026-09-09T10:18:05.592669+00:00,2026-27,4,536694,a,,,4.9
2026-09-09T10:18:05.592669+00:00,2026-27,4,438464,a,,,4.9
2026-09-09T10:18:05.592669+00:00,2026-27,4,450542,a,,,5.0
2026-09-09T10:18:05.592669+00:00,2026-27,4,590014,u,0.0,Has joined Bristol City on loan for the rest of the season,4.5
2026-09-09T10:18:05.592669+00:00,2026-27,4,672492,a,,,4.5
2026-09-09T10:18:05.592669+00:00,2026-27,4,247412,a,,,6.0
2026-09-09T10:18:05.592669+00:00,2026-27,4,231747,i,0.0,Hamstring injury - Expected back 11 Oct,6.4
2026-09-09T10:18:05.592669+00:00,2026-27,4,205533,a,,,5.5
2026-09-09T10:18:05.592669+00:00,2026-27,4,660392,u,0.0,has returned to Getafe CF,5.0
2026-09-09T10:18:05.592669+00:00,2026-27,4,433154,a,,,5.4
2026-09-09T10:18:05.592669+00:00,2026-27,4,169593,a,,,4.0
2026-09-09T10:18:05.592669+00:00,2026-27,4,223723,a,,,4.5
2026-09-09T10:18:05.592669+00:00,2026-27,4,570794,a,,,5.0
2026-09-09T10:18:05.592669+00:00,2026-27,4,559152,a,,,5.0
2026-09-09T10:18:05.592669+00:00,2026-27,4,605972,a,,,4.5
2026-09-09T10:18:05.592669+00:00,2026-27,4,172850,a,,,4.5
2026-09-09T10:18:05.592669+00:00,2026-27,4,450063,a,,,5.0
2026-09-09T10:18:05.592669+00:00,2026-27,4,533646,a,,,5.5
2026-09-09T10:18:05.592669+00:00,2026-27,4,128295,i,0.0,Groin injury - Unknown return date,4.9
2026-09-09T10:18:05.592669+00:00,2026-27,4,242898,a,,,5.9
2026-09-09T10:18:05.592669+00:00,2026-27,4,111234,a,,,5.5
2026-09-09T10:18:05.592669+00:00,2026-27,4,229600,a,,,5.0
2026-09-09T10:18:05.592669+00:00,2026-27,4,138001,a,,,4.5
2026-09-09T10:18:05.592669+00:00,2026-27,4,17761,a,,,6.0
2026-09-09T10:18:05.592669+00:00,2026-27,4,480455,a,,,5.5
2026-09-09T10:18:05.592669+00:00,2026-27,4,106611,a,,,4.9
2026-09-09T10:18:05.592669+00:00,2026-27,4,512462,a,,,4.9
2026-09-09T10:18:05.592669+00:00,2026-27,4,224967,a,,,4.5
2026-09-09T10:18:05.592669+00:00,2026-27,4,243571,u,0.0,Has joined Torino permanently,4.5
2026-09-09T10:18:05.592669+00:00,2026-27,4,499300,u,0.0,Has joined Malaga on loan for the rest of the season,4.0
2026-09-09T10:18:05.592669+00:00,2026-27,4,215413,a,,,6.5
2026-09-09T10:18:05.592669+00:00,2026-27,4,114283,a,100.0,,6.5
2026-09-09T10:18:05.592669+00:00,2026-27,4,232928,d,75.0,Unspecified injury - 75% chance of playing,6.0
2026-09-09T10:18:05.592669+00:00,2026-27,4,550615,a,,,5.5
2026-09-09T10:18:05.592669+00:00,2026-27,4,502697,a,,,5.0
2026-09-09T10:18:05.592669+00:00,2026-27,4,609873,a,,,5.0
2026-09-09T10:18:05.592669+00:00,2026-27,4,496661,a,,,5.4
2026-09-09T10:18:05.592669+00:00,2026-27,4,513466,a,,,5.0
2026-09-09T10:18:05.592669+00:00,2026-27,4,244860,a,100.0,,5.5
2026-09-09T10:18:05.592669+00:00,2026-27,4,486385,u,0.0,Has joined Fiorentina permanently,5.4
2026-09-09T10:18:05.592669+00:00,2026-27,4,586309,a,,,5.6
2026-09-09T10:18:05.592669+00:00,2026-27,4,154043,a,,,4.5
2026-09-09T10:18:05.592669+00:00,2026-27,4,629068,a,,,4.5
2026-09-09T10:18:05.592669+00:00,2026-27,4,80201,a,,,4.5
2026-09-09T10:18:05.592669+00:00,2026-27,4,86873,a,,,4.0
2026-09-09T10:18:05.592669+00:00,2026-27,4,505079,u,0.0,Has joined York City on loan for the rest of the season,4.0
2026-09-09T10:18:05.592669+00:00,2026-27,4,174874,a,100.0,,5.0
2026-09-09T10:18:05.592669+00:00,2026-27,4,169528,a,,,4.5
2026-09-09T10:18:05.592669+00:00,2026-27,4,246301,a,,,4.5
2026-09-09T10:18:05.592669+00:00,2026-27,4,167074,a,,,4.4
2026-09-09T10:18:05.592669+00:00,2026-27,4,232892,a,,,4.5
2026-09-09T10:18:05.592669+00:00,2026-27,4,166477,a,,,4.5
2026-09-09T10:18:05.592669+00:00,2026-27,4,153133,a,,,5.5
2026-09-09T10:18:05.592669+00:00,2026-27,4,209289,a,,,5.4
2026-09-09T10:18:05.592669+00:00,2026-27,4,560552,a,,,5.4
2026-09-09T10:18:05.592669+00:00,2026-27,4,477555,a,,,5.5
2026-09-09T10:18:05.592669+00:00,2026-27,4,207189,a,,,5.0
2026-09-09T10:18:05.592669+00:00,2026-27,4,76357,i,0.0,Knee injury - Expected back 10 Oct,5.0
2026-09-09T10:18:05.592669+00:00,2026-27,4,577725,a,,,5.5
2026-09-09T10:18:05.592669+00:00,2026-27,4,184349,a,,,4.5
2026-09-09T10:18:05.592669+00:00,2026-27,4,153366,a,,,4.5
2026-09-09T10:18:05.592669+00:00,2026-27,4,244042,a,,,5.4
2026-09-09T10:18:05.592669+00:00,2026-27,4,631786,a,,,4.5
2026-09-09T10:18:05.592669+00:00,2026-27,4,551466,a,,,6.0
2026-09-09T10:18:05.592669+00:00,2026-27,4,571779,a,,,5.5
2026-09-09T10:18:05.592669+00:00,2026-27,4,463210,a,,,5.0
2026-09-09T10:18:05.592669+00:00,2026-27,4,547686,d,75.0,Unspecified injury - 75% chance of playing,4.0
2026-09-09T10:18:05.592669+00:00,2026-27,4,616069,a,,,4.5
2026-09-09T10:18:05.592669+00:00,2026-27,4,551050,a,,,5.0
2026-09-09T10:18:05.592669+00:00,2026-27,4,500033,a,,,5.0
2026-09-09T10:18:05.592669+00:00,2026-27,4,442299,a,,,4.5
2026-09-09T10:18:05.592669+00:00,2026-27,4,490094,a,100.0,,5.0
2026-09-09T10:18:05.592669+00:00,2026-27,4,167825,a,,,4.0
2026-09-09T10:18:05.592669+00:00,2026-27,4,105666,i,0.0,Arm injury - Unknown return date,4.5
2026-09-09T10:18:05.592669+00:00,2026-27,4,494950,u,0.0,Has joined Grimsby Town on loan for the rest of the season,4.0
2026-09-09T10:18:05.592669+00:00,2026-27,4,444307,u,0.0,Has joined Colchester United on loan for the rest of the season,4.0
2026-09-09T10:18:05.592669+00:00,2026-27,4,108416,a,,,4.1
2026-09-09T10:18:05.592669+00:00,2026-27,4,501902,i,0.0,Groin injury - Unknown return date,4.0
2026-09-09T10:18:05.592669+00:00,2026-27,4,146426,a,100.0,,4.1
2026-09-09T10:18:05.592669+00:00,2026-27,4,193278,a,100.0,,4.0
2026-09-09T10:18:05.592669+00:00,2026-27,4,433590,u,0.0,Has joined Genoa permanently,4.0
2026-09-09T10:18:05.592669+00:00,2026-27,4,232351,a,,,4.0
2026-09-09T10:18:05.592669+00:00,2026-27,4,449428,u,0.0,Has joined Newport County on loan until January,4.0
2026-09-09T10:18:05.592669+00:00,2026-27,4,661800,a,,,4.0
2026-09-09T10:18:05.592669+00:00,2026-27,4,160817,a,,,4.0
2026-09-09T10:18:05.592669+00:00,2026-27,4,540324,a,,,5.0
2026-09-09T10:18:05.592669+00:00,2026-27,4,232905,u,0.0,Has joined Birmingham on loan for the rest of the season,5.0
2026-09-09T10:18:05.592669+00:00,2026-27,4,171270,a,,,4.5
2026-09-09T10:18:05.592669+00:00,2026-27,4,101282,a,100.0,,4.5
2026-09-09T10:18:05.592669+00:00,2026-27,4,243413,a,,,4.5
2026-09-09T10:18:05.592669+00:00,2026-27,4,465525,i,0.0,Knee injury - Unknown return date,4.5
2026-09-09T10:18:05.592669+00:00,2026-27,4,208481,a,,,4.9
2026-09-09T10:18:05.592669+00:00,2026-27,4,490161,u,0.0,Has joined Portsmouth permanently,5.0
2026-09-09T10:18:05.592669+00:00,2026-27,4,553783,a,100.0,,4.5
2026-09-09T10:18:05.592669+00:00,2026-27,4,169432,a,,,5.5
2026-09-09T10:18:05.592669+00:00,2026-27,4,213292,a,,,5.0
2026-09-09T10:18:05.592669+00:00,2026-27,4,470294,i,0.0,Thigh injury - Unknown return date,4.5
2026-09-09T10:18:05.592669+00:00,2026-27,4,500957,u,0.0,Has joined Konyaspor permanently,4.5
2026-09-09T10:18:05.592669+00:00,2026-27,4,534392,u,0.0,Has joined Sheffield Wednesday on loan for the rest of the season,4.5
2026-09-09T10:18:05.592669+00:00,2026-27,4,462635,a,100.0,,5.0
2026-09-09T10:18:05.592669+00:00,2026-27,4,169359,a,,,4.0
2026-09-09T10:18:05.592669+00:00,2026-27,4,445028,a,100.0,,5.0
2026-09-09T10:18:05.592669+00:00,2026-27,4,473284,a,,,4.6
2026-09-09T10:18:05.592669+00:00,2026-27,4,552946,a,,,4.9
2026-09-09T10:18:05.592669+00:00,2026-27,4,608227,a,,,5.0
2026-09-09T10:18:05.592669+00:00,2026-27,4,597462,a,,,4.0
2026-09-09T10:18:05.592669+00:00,2026-27,4,606930,a,100.0,,4.0
2026-09-09T10:18:05.592669+00:00,2026-27,4,469266,a,,,5.0
2026-09-09T10:18:05.592669+00:00,2026-27,4,490884,a,,,5.0
2026-09-09T10:18:05.592669+00:00,2026-27,4,626751,i,0.0,Back injury - Unknown return date,5.0
2026-09-09T10:18:05.592669+00:00,2026-27,4,631000,a,,,5.0
2026-09-09T10:18:05.592669+00:00,2026-27,4,496181,a,,,4.0
2026-09-09T10:18:05.592669+00:00,2026-27,4,243951,a,,,5.5
2026-09-09T10:18:05.592669+00:00,2026-27,4,647839,a,,,5.0
2026-09-09T10:18:05.592669+00:00,2026-27,4,219924,a,,,4.0
2026-09-09T10:18:05.592669+00:00,2026-27,4,212314,a,,,5.0
2026-09-09T10:18:05.592669+00:00,2026-27,4,108813,a,,,4.5
2026-09-09T10:18:05.592669+00:00,2026-27,4,112520,a,,,4.0
2026-09-09T10:18:05.592669+00:00,2026-27,4,50093,a,,,4.0
2026-09-09T10:18:05.592669+00:00,2026-27,4,183015,a,,,4.0
2026-09-09T10:18:05.592669+00:00,2026-27,4,216616,a,,,4.0
2026-09-09T10:18:05.592669+00:00,2026-27,4,455084,a,,,4.0
2026-09-09T10:18:05.592669+00:00,2026-27,4,449429,a,,,4.0
2026-09-09T10:18:05.592669+00:00,2026-27,4,222018,u,0.0,Has joined Stoke City on loan for the rest of the season,4.0
2026-09-09T10:18:05.592669+00:00,2026-27,4,176420,a,,,4.0
2026-09-09T10:18:05.592669+00:00,2026-27,4,501390,a,,,5.0
2026-09-09T10:18:05.592669+00:00,2026-27,4,241117,i,0.0,Muscular injury - Unknown return date,4.9
2026-09-09T10:18:05.592669+00:00,2026-27,4,149929,u,0.0,Has joined Leicester City permanently,5.0
2026-09-09T10:18:05.592669+00:00,2026-27,4,231899,i,0.0,Knee injury - Unknown return date,4.5
2026-09-09T10:18:05.592669+00:00,2026-27,4,443261,a,,,5.5
2026-09-09T10:18:05.592669+00:00,2026-27,4,229164,u,0.0,Has joined Lincoln City on loan until January,4.9
2026-09-09T10:18:05.592669+00:00,2026-27,4,531442,a,,,5.5
2026-09-09T10:18:05.592669+00:00,2026-27,4,543968,a,100.0,,5.5
2026-09-09T10:18:05.592669+00:00,2026-27,4,222625,u,0.0,Has joined Stoke City permanently,5.0
2026-09-09T10:18:05.592669+00:00,2026-27,4,481624,i,0.0,Ankle injury - Unknown return date,5.4
2026-09-09T10:18:05.592669+00:00,2026-27,4,172453,u,0.0,Has joined Derby County on loan for the rest of the season,5.0
2026-09-09T10:18:05.592669+00:00,2026-27,4,147675,a,,,5.0
2026-09-09T10:18:05.592669+00:00,2026-27,4,557012,a,,,4.5
2026-09-09T10:18:05.592669+00:00,2026-27,4,462387,u,0.0,Has joined Sheffield Wednesday on loan for the rest of the season,5.0
2026-09-09T10:18:05.592669+00:00,2026-27,4,461587,a,,,4.5
2026-09-09T10:18:05.592669+00:00,2026-27,4,232457,a,,,4.9
2026-09-09T10:18:05.592669+00:00,2026-27,4,546600,u,0.0,Has joined Valencia on loan for the rest of the season,4.5
2026-09-09T10:18:05.592669+00:00,2026-27,4,442967,a,,,5.4
2026-09-09T10:18:05.592669+00:00,2026-27,4,240514,a,,,4.5
2026-09-09T10:18:05.592669+00:00,2026-27,4,216055,a,100.0,,4.9
2026-09-09T10:18:05.592669+00:00,2026-27,4,474120,a,100.0,,5.5
2026-09-09T10:18:05.592669+00:00,2026-27,4,572584,a,,,4.0
2026-09-09T10:18:05.592669+00:00,2026-27,4,524180,u,0.0,Has joined Huddersfield Town on loan for the rest of the season,4.5
2026-09-09T10:18:05.592669+00:00,2026-27,4,218543,a,,,5.0
2026-09-09T10:18:05.592669+00:00,2026-27,4,431639,a,,,5.5
2026-09-09T10:18:05.592669+00:00,2026-27,4,153682,a,,,6.3
2026-09-09T10:18:05.592669+00:00,2026-27,4,201595,u,0.0,Has joined Torino on loan for the rest of the season,4.5
2026-09-09T10:18:05.592669+00:00,2026-27,4,434752,a,,,5.0
2026-09-09T10:18:05.592669+00:00,2026-27,4,214225,i,0.0,Hamstring injury - Expected back 21 Nov,4.4
2026-09-09T10:18:05.592669+00:00,2026-27,4,226182,a,,,4.5
2026-09-09T10:18:05.592669+00:00,2026-27,4,243526,a,100.0,,4.5
2026-09-09T10:18:05.592669+00:00,2026-27,4,220627,a,,,4.5
2026-09-09T10:18:05.592669+00:00,2026-27,4,437738,u,0.0,Has joined Hamburg SV on loan for the rest of the season,4.5
2026-09-09T10:18:05.592669+00:00,2026-27,4,522047,a,,,5.0
2026-09-09T10:18:05.592669+00:00,2026-27,4,466525,a,,,6.0
2026-09-09T10:18:05.592669+00:00,2026-27,4,435997,a,,,5.9
2026-09-09T10:18:05.592669+00:00,2026-27,4,427637,a,,,5.4
2026-09-09T10:18:05.592669+00:00,2026-27,4,199598,a,,,5.5
2026-09-09T10:18:05.592669+00:00,2026-27,4,180135,a,,,4.9
2026-09-09T10:18:05.592669+00:00,2026-27,4,492859,u,0.0,Has joined ACF Fiorentina on loan for the rest of the season,5.0
2026-09-09T10:18:05.592669+00:00,2026-27,4,221399,u,0.0,Has joined New England Revolution permanently,5.0
2026-09-09T10:18:05.592669+00:00,2026-27,4,200617,a,,,5.0
2026-09-09T10:18:05.592669+00:00,2026-27,4,486520,d,25.0,Knee injury - 25% chance of playing,5.0
2026-09-09T10:18:05.592669+00:00,2026-27,4,248056,a,,,4.9
2026-09-09T10:18:05.592669+00:00,2026-27,4,177815,a,,,6.0
2026-09-09T10:18:05.592669+00:00,2026-27,4,174594,a,,,5.4
2026-09-09T10:18:05.592669+00:00,2026-27,4,235826,u,0.0,Has joined West Ham United on loan for the rest of the season,5.0
2026-09-09T10:18:05.592669+00:00,2026-27,4,565297,i,0.0,Knee injury - Unknown return date,4.5
2026-09-09T10:18:05.592669+00:00,2026-27,4,432720,a,,,5.0
2026-09-09T10:18:05.592669+00:00,2026-27,4,173774,a,,,4.5
2026-09-09T10:18:05.592669+00:00,2026-27,4,643970,a,,,4.0
2026-09-09T10:18:05.592669+00:00,2026-27,4,592740,a,,,4.5
2026-09-09T10:18:05.592669+00:00,2026-27,4,97846,a,,,4.0
2026-09-09T10:18:05.592669+00:00,2026-27,4,155465,a,,,4.0
2026-09-09T10:18:05.592669+00:00,2026-27,4,437497,a,,,4.5
2026-09-09T10:18:05.592669+00:00,2026-27,4,587982,a,,,5.0
2026-09-09T10:18:05.592669+00:00,2026-27,4,116535,a,,,5.5
2026-09-09T10:18:05.592669+00:00,2026-27,4,449027,a,,,4.9
2026-09-09T10:18:05.592669+00:00,2026-27,4,155503,a,,,4.0
2026-09-09T10:18:05.592669+00:00,2026-27,4,586268,u,0.0,Has joined TSV Hartberg on loan for the rest of the season,4.0
2026-09-09T10:18:05.592669+00:00,2026-27,4,432987,i,0.0,Knee injury - Unknown return date,4.0
2026-09-09T10:18:05.592669+00:00,2026-27,4,464353,a,,,4.0
2026-09-09T10:18:05.592669+00:00,2026-27,4,97032,a,,,6.5
2026-09-09T10:18:05.592669+00:00,2026-27,4,216094,a,,,5.4
2026-09-09T10:18:05.592669+00:00,2026-27,4,544877,a,,,5.4
2026-09-09T10:18:05.592669+00:00,2026-27,4,171287,i,0.0,Muscular injury - Unknown return date,5.0
2026-09-09T10:18:05.592669+00:00,2026-27,4,492777,i,0.0,Knee injury - Unknown return date,5.0
2026-09-09T10:18:05.592669+00:00,2026-27,4,519440,a,,,4.0
2026-09-09T10:18:05.592669+00:00,2026-27,4,606702,a,100.0,,5.0
2026-09-09T10:18:05.592669+00:00,2026-27,4,647681,i,0.0,Knee injury - Unknown return date,4.0
2026-09-09T10:18:05.592669+00:00,2026-27,4,214285,a,,,4.9
2026-09-09T10:18:05.592669+00:00,2026-27,4,489580,u,0.0,Has joined St Mirren on loan for the rest of the season,4.0
2026-09-09T10:18:05.592669+00:00,2026-27,4,494595,a,,,7.4
2026-09-09T10:18:05.592669+00:00,2026-27,4,243298,a,,,7.2
2026-09-09T10:18:05.592669+00:00,2026-27,4,424876,a,,,7.0
2026-09-09T10:18:05.592669+00:00,2026-27,4,611922,a,,,5.8
2026-09-09T10:18:05.592669+00:00,2026-27,4,223541,i,0.0,Back injury - Unknown return date,5.4
2026-09-09T10:18:05.592669+00:00,2026-27,4,441266,a,,,5.9
2026-09-09T10:18:05.592669+00:00,2026-27,4,243016,a,,,5.4
2026-09-09T10:18:05.592669+00:00,2026-27,4,206915,u,0.0,Has joined Internazionale permanently,5.5
2026-09-09T10:18:05.592669+00:00,2026-27,4,158983,a,100.0,,5.0
2026-09-09T10:18:05.592669+00:00,2026-27,4,591386,a,,,4.9
2026-09-09T10:18:05.592669+00:00,2026-27,4,535928,u,0.0,Has joined Celta Vigo permanently,5.0
2026-09-09T10:18:05.592669+00:00,2026-27,4,551499,a,,,6.5
2026-09-09T10:18:05.592669+00:00,2026-27,4,491501,a,,,4.5
2026-09-09T10:18:05.592669+00:00,2026-27,4,219168,a,,,9.1
2026-09-09T10:18:05.592669+00:00,2026-27,4,510663,i,0.0,Achilles injury - Unknown return date,7.4
2026-09-09T10:18:05.592669+00:00,2026-27,4,514514,a,,,5.0
2026-09-09T10:18:05.592669+00:00,2026-27,4,500058,a,100.0,,4.5
2026-09-09T10:18:05.592669+00:00,2026-27,4,444884,u,0.0,Has joined Valencia on loan for the rest of the season,5.4
2026-09-09T10:18:05.592669+00:00,2026-27,4,445087,a,,,5.4
2026-09-09T10:18:05.592669+00:00,2026-27,4,482616,a,,,8.0
2026-09-09T10:18:05.592669+00:00,2026-27,4,448047,a,,,6.9
2026-09-09T10:18:05.592669+00:00,2026-27,4,440993,a,,,5.9
2026-09-09T10:18:05.592669+00:00,2026-27,4,204936,a,,,5.5
2026-09-09T10:18:05.592669+00:00,2026-27,4,122074,a,,,4.5
2026-09-09T10:18:05.592669+00:00,2026-27,4,472769,d,75.0,Back injury - 75% chance of playing,6.5
2026-09-09T10:18:05.592669+00:00,2026-27,4,209036,a,,,6.0
2026-09-09T10:18:05.592669+00:00,2026-27,4,465351,a,100.0,,5.9
2026-09-09T10:18:05.592669+00:00,2026-27,4,171314,a,,,5.5
2026-09-09T10:18:05.592669+00:00,2026-27,4,477424,a,,,5.6
2026-09-09T10:18:05.592669+00:00,2026-27,4,448514,a,,,5.3
2026-09-09T10:18:05.592669+00:00,2026-27,4,578153,a,,,5.5
2026-09-09T10:18:05.592669+00:00,2026-27,4,494307,u,0.0,Has joined Burnley on loan for the rest of the season,5.0
2026-09-09T10:18:05.592669+00:00,2026-27,4,477064,a,,,4.5
2026-09-09T10:18:05.592669+00:00,2026-27,4,616222,a,,,4.5
2026-09-09T10:18:05.592669+00:00,2026-27,4,437730,a,,,8.4
2026-09-09T10:18:05.592669+00:00,2026-27,4,209244,a,,,7.0
2026-09-09T10:18:05.592669+00:00,2026-27,4,466052,a,,,7.8
2026-09-09T10:18:05.592669+00:00,2026-27,4,248875,i,0.0,Calf injury - Expected back 13 Sep,7.4
2026-09-09T10:18:05.592669+00:00,2026-27,4,220566,u,0.0,Has joined Barcelona permanently,6.5
2026-09-09T10:18:05.592669+00:00,2026-27,4,433036,u,0.0,Has joined Al Qadsiah permanently,6.0
2026-09-09T10:18:05.592669+00:00,2026-27,4,91651,a,,,5.4
2026-09-09T10:18:05.592669+00:00,2026-27,4,575204,u,0.0,Has joined Benfica on loan for the rest of the season,4.9
2026-09-09T10:18:05.592669+00:00,2026-27,4,155405,u,0.0,Has joined Sheffield United on loan for the rest of the season,5.0
2026-09-09T10:18:05.592669+00:00,2026-27,4,590039,u,0.0,has joined West Ham on loan for the rest of the seaon.,4.5
2026-09-09T10:18:05.592669+00:00,2026-27,4,649208,u,0.0,Has joined Swansea City on loan for the rest of the season,4.9
2026-09-09T10:18:05.592669+00:00,2026-27,4,223094,a,,,15.5
2026-09-09T10:18:05.592669+00:00,2026-27,4,215379,a,100.0,,6.3
2026-09-09T10:18:05.592669+00:00,2026-27,4,106921,a,,,5.0
2026-09-09T10:18:05.592669+00:00,2026-27,4,637238,a,,,5.5
2026-09-09T10:18:05.592669+00:00,2026-27,4,616288,a,,,4.5
2026-09-09T10:18:05.592669+00:00,2026-27,4,554054,a,,,4.0
2026-09-09T10:18:05.592669+00:00,2026-27,4,624777,a,,,6.0
2026-09-09T10:18:05.592669+00:00,2026-27,4,595480,a,,,4.5
2026-09-09T10:18:05.592669+00:00,2026-27,4,166989,a,100.0,,5.9
2026-09-09T10:18:05.592669+00:00,2026-27,4,535301,i,0.0,Ankle injury - Expected back 19 Sep,5.0
2026-09-09T10:18:05.592669+00:00,2026-27,4,532605,a,,,4.9
2026-09-09T10:18:05.592669+00:00,2026-27,4,59735,a,100.0,,4.5
2026-09-09T10:18:05.592669+00:00,2026-27,4,465247,a,,,5.0
2026-09-09T10:18:05.592669+00:00,2026-27,4,451302,u,0.0,Has joined Celta Vigo on loan for the rest of the season,4.5
2026-09-09T10:18:05.592669+00:00,2026-27,4,21205,i,0.0,Hamstring injury - Unknown return date,4.0
2026-09-09T10:18:05.592669+00:00,2026-27,4,596777,a,,,5.8
2026-09-09T10:18:05.592669+00:00,2026-27,4,209365,i,0.0,Back injury - Unknown return date,5.0
2026-09-09T10:18:05.592669+00:00,2026-27,4,216051,a,,,4.9
2026-09-09T10:18:05.592669+00:00,2026-27,4,95658,a,,,4.9
2026-09-09T10:18:05.592669+00:00,2026-27,4,221820,a,100.0,,5.0
2026-09-09T10:18:05.592669+00:00,2026-27,4,550864,a,,,4.9
2026-09-09T10:18:05.592669+00:00,2026-27,4,606745,a,,,4.4
2026-09-09T10:18:05.592669+00:00,2026-27,4,230001,a,,,4.5
2026-09-09T10:18:05.592669+00:00,2026-27,4,106760,a,,,4.4
2026-09-09T10:18:05.592669+00:00,2026-27,4,577974,a,,,4.0
2026-09-09T10:18:05.592669+00:00,2026-27,4,547676,u,0.0,Has joined Lausanne-Sport permanently,4.0
2026-09-09T10:18:05.592669+00:00,2026-27,4,141746,a,,,12.0
2026-09-09T10:18:05.592669+00:00,2026-27,4,446008,a,,,7.9
2026-09-09T10:18:05.592669+00:00,2026-27,4,430871,a,,,7.9
2026-09-09T10:18:05.592669+00:00,2026-27,4,176297,a,,,7.0
2026-09-09T10:18:05.592669+00:00,2026-27,4,184341,a,100.0,,5.4
2026-09-09T10:18:05.592669+00:00,2026-27,4,493250,i,0.0,Unspecified injury - Unknown return date,5.8
2026-09-09T10:18:05.592669+00:00,2026-27,4,516895,a,,,5.5
2026-09-09T10:18:05.592669+00:00,2026-27,4,232112,i,0.0,Knee injury - Unknown return date,5.0
2026-09-09T10:18:05.592669+00:00,2026-27,4,547037,a,,,5.0
2026-09-09T10:18:05.592669+00:00,2026-27,4,576628,a,,,4.9
2026-09-09T10:18:05.592669+00:00,2026-27,4,490881,u,0.0,Has joined West Brom permanently,5.0
2026-09-09T10:18:05.592669+00:00,2026-27,4,576620,a,,,4.5
2026-09-09T10:18:05.592669+00:00,2026-27,4,519913,a,,,4.5
2026-09-09T10:18:05.592669+00:00,2026-27,4,485711,a,100.0,,7.0
2026-09-09T10:18:05.592669+00:00,2026-27,4,458249,a,,,5.4
2026-09-09T10:18:05.592669+00:00,2026-27,4,596047,a,,,4.5
2026-09-09T10:18:05.592669+00:00,2026-27,4,465694,a,,,5.5
2026-09-09T10:18:05.592669+00:00,2026-27,4,98747,a,,,4.9
2026-09-09T10:18:05.592669+00:00,2026-27,4,81441,a,,,4.5
2026-09-09T10:18:05.592669+00:00,2026-27,4,554578,a,,,4.5
2026-09-09T10:18:05.592669+00:00,2026-27,4,465642,a,,,5.0
2026-09-09T10:18:05.592669+00:00,2026-27,4,119471,a,100.0,,5.0
2026-09-09T10:18:05.592669+00:00,2026-27,4,220237,a,,,5.0
2026-09-09T10:18:05.592669+00:00,2026-27,4,78916,i,0.0,Ankle injury - Expected back 14 Sep,4.9
2026-09-09T10:18:05.592669+00:00,2026-27,4,487838,a,,,5.1
2026-09-09T10:18:05.592669+00:00,2026-27,4,441191,a,100.0,,4.9
2026-09-09T10:18:05.592669+00:00,2026-27,4,545477,u,0.0,Has joined FC Kaiserslautern on loan for the rest of the season,4.0
2026-09-09T10:18:05.592669+00:00,2026-27,4,201666,a,,,6.0
2026-09-09T10:18:05.592669+00:00,2026-27,4,449434,a,,,6.1
2026-09-09T10:18:05.592669+00:00,2026-27,4,232653,a,,,4.9
2026-09-09T10:18:05.592669+00:00,2026-27,4,114243,a,,,5.9
2026-09-09T10:18:05.592669+00:00,2026-27,4,180974,i,0.0,Unspecified injury - Unknown return date,5.4
2026-09-09T10:18:05.592669+00:00,2026-27,4,547719,a,100.0,,5.5
2026-09-09T10:18:05.592669+00:00,2026-27,4,200089,a,,,5.0
2026-09-09T10:18:05.592669+00:00,2026-27,4,611665,a,,,5.9
2026-09-09T10:18:05.592669+00:00,2026-27,4,636852,a,,,4.9
2026-09-09T10:18:05.592669+00:00,2026-27,4,470313,u,0.0,Has joined Juventus on loan for the rest of the season,5.9
2026-09-09T10:18:05.592669+00:00,2026-27,4,216646,a,,,6.2
2026-09-09T10:18:05.592669+00:00,2026-27,4,538207,i,0.0,Foot injury - Unknown return date,5.9
2026-09-09T10:18:05.592669+00:00,2026-27,4,599303,u,0.0,Has joined Wolves on loan for the rest of the season,4.5
2026-09-09T10:18:05.592669+00:00,2026-27,4,632794,a,,,4.9
2026-09-09T10:18:05.592669+00:00,2026-27,4,470551,a,,,5.0
2026-09-09T10:18:05.592669+00:00,2026-27,4,463726,a,,,4.5
2026-09-09T10:18:05.592669+00:00,2026-27,4,553746,a,,,4.0
2026-09-09T10:18:05.592669+00:00,2026-27,4,613221,a,,,6.0
2026-09-09T10:18:05.592669+00:00,2026-27,4,463034,a,,,5.5
2026-09-09T10:18:05.592669+00:00,2026-27,4,247348,a,,,5.4
2026-09-09T10:18:05.592669+00:00,2026-27,4,85633,a,,,5.0
2026-09-09T10:18:05.592669+00:00,2026-27,4,221389,a,,,4.5
2026-09-09T10:18:05.592669+00:00,2026-27,4,215136,a,,,5.0
2026-09-09T10:18:05.592669+00:00,2026-27,4,485047,u,0.0,Has joined West Ham on loan for the rest of the season,5.0
2026-09-09T10:18:05.592669+00:00,2026-27,4,227444,a,,,5.5
2026-09-09T10:18:05.592669+00:00,2026-27,4,575476,a,100.0,,5.5
2026-09-09T10:18:05.592669+00:00,2026-27,4,159506,a,,,4.5
2026-09-09T10:18:05.592669+00:00,2026-27,4,575458,a,,,4.5
2026-09-09T10:18:05.592669+00:00,2026-27,4,500151,i,0.0,Knee injury - Unknown return date,4.5
2026-09-09T10:18:05.592669+00:00,2026-27,4,204822,a,,,4.0
2026-09-09T10:18:05.592669+00:00,2026-27,4,549067,u,0.0,Has joined Southampton on loan for the rest of the season,4.0
2026-09-09T10:18:05.592669+00:00,2026-27,4,470315,a,,,4.5
2026-09-09T10:18:05.592669+00:00,2026-27,4,538638,u,0.0,Has joined Charlton Athletic on loan for the rest of the season,4.0
2026-09-09T10:18:05.592669+00:00,2026-27,4,222531,a,100.0,,7.9
2026-09-09T10:18:05.592669+00:00,2026-27,4,209046,a,100.0,,5.9
2026-09-09T10:18:05.592669+00:00,2026-27,4,456512,a,,,5.5
2026-09-09T10:18:05.592669+00:00,2026-27,4,503301,u,0.0,Has joined AC Milan on loan for the rest of the season,5.4
2026-09-09T10:18:05.592669+00:00,2026-27,4,476887,u,0.0,Has joined Lille on loan for the rest of the season,5.5
2026-09-09T10:18:05.592669+00:00,2026-27,4,432714,a,,,5.5
2026-09-09T10:18:05.592669+00:00,2026-27,4,250199,a,,,4.9
2026-09-09T10:18:05.592669+00:00,2026-27,4,210462,a,100.0,,4.9
2026-09-09T10:18:05.592669+00:00,2026-27,4,204968,a,100.0,,4.5
2026-09-09T10:18:05.592669+00:00,2026-27,4,60689,a,,,5.9
2026-09-09T10:18:05.592669+00:00,2026-27,4,482973,a,,,5.9
2026-09-09T10:18:05.592669+00:00,2026-27,4,465680,a,,,5.4
2026-09-09T10:18:05.592669+00:00,2026-27,4,204561,a,,,5.0
2026-09-09T10:18:05.592669+00:00,2026-27,4,568420,a,,,5.4
2026-09-09T10:18:05.592669+00:00,2026-27,4,428971,a,,,4.5
2026-09-09T10:18:05.592669+00:00,2026-27,4,469142,a,,,4.9
2026-09-09T10:18:05.592669+00:00,2026-27,4,109646,a,,,4.4
2026-09-09T10:18:05.592669+00:00,2026-27,4,438234,a,,,7.0
2026-09-09T10:18:05.592669+00:00,2026-27,4,510281,a,100.0,,6.5
2026-09-09T10:18:05.592669+00:00,2026-27,4,432422,a,,,5.4
2026-09-09T10:18:05.592669+00:00,2026-27,4,184254,u,0.0,Has joined Juventus on loan for the rest of the season,4.5
2026-09-09T10:18:05.592669+00:00,2026-27,4,214572,a,,,4.0
2026-09-09T10:18:05.592669+00:00,2026-27,4,485055,a,,,4.5
2026-09-09T10:18:05.592669+00:00,2026-27,4,67089,a,,,4.0
2026-09-09T10:18:05.592669+00:00,2026-27,4,221466,a,,,5.9
2026-09-09T10:18:05.592669+00:00,2026-27,4,441164,a,100.0,,5.5
2026-09-09T10:18:05.592669+00:00,2026-27,4,221632,u,0.0,Has joined Atletico Madrid permanently,5.0
2026-09-09T10:18:05.592669+00:00,2026-27,4,122798,a,,,4.5
2026-09-09T10:18:05.592669+00:00,2026-27,4,491279,a,100.0,,5.0
2026-09-09T10:18:05.592669+00:00,2026-27,4,232859,u,0.0,Has joined Internazionale permanently,4.5
2026-09-09T10:18:05.592669+00:00,2026-27,4,487053,a,,,4.5
2026-09-09T10:18:05.592669+00:00,2026-27,4,548308,u,0.0,Has joined Middlesbrough permanently,4.5
2026-09-09T10:18:05.592669+00:00,2026-27,4,115556,a,,,4.0
2026-09-09T10:18:05.592669+00:00,2026-27,4,640419,a,,,4.0
2026-09-09T10:18:05.592669+00:00,2026-27,4,499716,a,,,4.0
2026-09-09T10:18:05.592669+00:00,2026-27,4,616221,u,0.0,Has joined FC Porto on loan for the rest of the season,4.0
2026-09-09T10:18:05.592669+00:00,2026-27,4,460842,a,100.0,,6.5
2026-09-09T10:18:05.592669+00:00,2026-27,4,493362,i,0.0,Knee injury - Unknown return date,6.0
2026-09-09T10:18:05.592669+00:00,2026-27,4,511499,a,,,5.8
2026-09-09T10:18:05.592669+00:00,2026-27,4,172780,d,75.0,Shoulder injury - 75% chance of playing,6.3
2026-09-09T10:18:05.592669+00:00,2026-27,4,202993,a,,,5.5
2026-09-09T10:18:05.592669+00:00,2026-27,4,550839,i,0.0,Knee injury - Unknown return date,5.5
2026-09-09T10:18:05.592669+00:00,2026-27,4,482442,u,0.0,Has joined Juventus on loan for the rest of the season,4.9
2026-09-09T10:18:05.592669+00:00,2026-27,4,232787,a,,,5.4
2026-09-09T10:18:05.592669+00:00,2026-27,4,570526,a,,,5.4
2026-09-09T10:18:05.592669+00:00,2026-27,4,445044,i,0.0,Knee injury - Unknown return date,6.5
2026-09-09T10:18:05.592669+00:00,2026-27,4,547701,a,,,5.0
2026-09-09T10:18:05.592669+00:00,2026-27,4,499721,u,0.0,Has joined FC Köln on loan for the rest of the season,5.0
2026-09-09T10:18:05.592669+00:00,2026-27,4,499726,a,,,4.5
2026-09-09T10:18:05.592669+00:00,2026-27,4,551226,a,,,5.9
2026-09-09T10:18:05.592669+00:00,2026-27,4,154566,a,,,5.9
2026-09-09T10:18:05.592669+00:00,2026-27,4,212319,u,0.0,not included in squad.,5.9
2026-09-09T10:18:05.592669+00:00,2026-27,4,490145,u,0.0,Has joined Leyton Orient permanently,4.5
2026-09-09T10:18:05.592669+00:00,2026-27,4,465920,a,,,5.4
2026-09-09T10:18:05.592669+00:00,2026-27,4,611917,a,,,4.5
2026-09-09T10:18:05.592669+00:00,2026-27,4,135720,a,,,5.0
2026-09-09T10:18:05.592669+00:00,2026-27,4,498016,a,,,5.0
2026-09-09T10:18:05.592669+00:00,2026-27,4,232571,u,0.0,Has joined Wrexham permanently,4.0
2026-09-09T10:18:05.592669+00:00,2026-27,4,515046,a,,,4.5
2026-09-09T10:18:05.592669+00:00,2026-27,4,223827,a,,,4.9
2026-09-09T10:18:05.592669+00:00,2026-27,4,200834,a,100.0,,5.5
2026-09-09T10:18:05.592669+00:00,2026-27,4,487676,a,,,4.5
2026-09-09T10:18:05.592669+00:00,2026-27,4,201895,a,100.0,,4.9
2026-09-09T10:18:05.592669+00:00,2026-27,4,434399,a,,,4.5
2026-09-09T10:18:05.592669+00:00,2026-27,4,519634,u,0.0,Has joined Swansea City on loan for the rest of the season,4.5
2026-09-09T10:18:05.592669+00:00,2026-27,4,477547,u,0.0,Has joined KV Mechelen on loan for the rest of the season,4.0
2026-09-09T10:18:05.592669+00:00,2026-27,4,167512,a,,,4.0
2026-09-09T10:18:05.592669+00:00,2026-27,4,105717,u,0.0,Has joined Konyaspor permanently,4.0
2026-09-09T10:18:05.592669+00:00,2026-27,4,93605,a,100.0,,4.5
2026-09-09T10:18:05.592669+00:00,2026-27,4,484420,a,,,5.9
2026-09-09T10:18:05.592669+00:00,2026-27,4,547027,i,0.0,Hamstring injury - Unknown return date,5.4
2026-09-09T10:18:05.592669+00:00,2026-27,4,84450,a,,,5.5
2026-09-09T10:18:05.592669+00:00,2026-27,4,577669,a,,,5.0
2026-09-09T10:18:05.592669+00:00,2026-27,4,535818,u,0.0,Has joined Ajax on loan for the rest of the season,4.9
2026-09-09T10:18:05.592669+00:00,2026-27,4,461199,a,,,4.9
2026-09-09T10:18:05.592669+00:00,2026-27,4,554197,a,,,4.9
2026-09-09T10:18:05.592669+00:00,2026-27,4,549912,a,,,5.4
2026-09-09T10:18:05.592669+00:00,2026-27,4,699989,a,,,5.0
2026-09-09T10:18:05.592669+00:00,2026-27,4,536661,a,,,5.0
2026-09-09T10:18:05.592669+00:00,2026-27,4,441264,a,,,5.9
2026-09-09T10:18:05.592669+00:00,2026-27,4,437505,a,,,5.5
2026-09-09T10:18:05.592669+00:00,2026-27,4,638411,a,100.0,,4.5
2026-09-09T10:18:05.592669+00:00,2026-27,4,696104,a,,,4.5
2026-09-09T10:18:05.592669+00:00,2026-27,4,549940,a,,,5.5
2026-09-09T10:18:05.592669+00:00,2026-27,4,661313,a,,,4.5
2026-09-09T14:00:24.027466+00:00,2026-27,4,154561,a,,,6.0
2026-09-09T14:00:24.027466+00:00,2026-27,4,109745,a,,,4.9
2026-09-09T14:00:24.027466+00:00,2026-27,4,437495,a,,,4.9
2026-09-09T14:00:24.027466+00:00,2026-27,4,226597,a,,,8.0
2026-09-09T14:00:24.027466+00:00,2026-27,4,445122,d,25.0,Groin injury - 25% chance of playing,6.5
2026-09-09T14:00:24.027466+00:00,2026-27,4,462424,i,0.0,Back injury - Unknown return date,5.9
2026-09-09T14:00:24.027466+00:00,2026-27,4,499169,a,,,5.5
2026-09-09T14:00:24.027466+00:00,2026-27,4,466075,a,,,5.7
2026-09-09T14:00:24.027466+00:00,2026-27,4,448104,a,,,5.3
2026-09-09T14:00:24.027466+00:00,2026-27,4,198869,a,100.0,,5.5
2026-09-09T14:00:24.027466+00:00,2026-27,4,500040,d,75.0,Muscular injury - 75% chance of playing,5.4
2026-09-09T14:00:24.027466+00:00,2026-27,4,223340,a,,,9.5
2026-09-09T14:00:24.027466+00:00,2026-27,4,204480,a,,,7.4
2026-09-09T14:00:24.027466+00:00,2026-27,4,232413,a,,,6.4
2026-09-09T14:00:24.027466+00:00,2026-27,4,184029,a,,,6.6
2026-09-09T14:00:24.027466+00:00,2026-27,4,248857,a,,,6.3
2026-09-09T14:00:24.027466+00:00,2026-27,4,195384,a,,,5.9
2026-09-09T14:00:24.027466+00:00,2026-27,4,444145,u,0.0,Has joined Al Hilal permanently,6.3
2026-09-09T14:00:24.027466+00:00,2026-27,4,481655,a,,,5.4
2026-09-09T14:00:24.027466+00:00,2026-27,4,616077,a,,,5.3
2026-09-09T14:00:24.027466+00:00,2026-27,4,499175,u,0.0,Has joined Borussia Dortmund on loan for the rest of the season,5.4
2026-09-09T14:00:24.027466+00:00,2026-27,4,438098,u,0.0,Has joined Hamburger SV permanently,5.5
2026-09-09T14:00:24.027466+00:00,2026-27,4,200641,u,0.0,has departed the club as a free agent.,5.5
2026-09-09T14:00:24.027466+00:00,2026-27,4,224117,a,,,7.3
2026-09-09T14:00:24.027466+00:00,2026-27,4,219847,a,,,7.5
2026-09-09T14:00:24.027466+00:00,2026-27,4,205651,u,0.0,Has joined FC Barcelona permanently,5.9
2026-09-09T14:00:24.027466+00:00,2026-27,4,199798,a,,,4.4
2026-09-09T14:00:24.027466+00:00,2026-27,4,208706,a,100.0,,6.8
2026-09-09T14:00:24.027466+00:00,2026-27,4,439509,a,,,6.4
2026-09-09T14:00:24.027466+00:00,2026-27,4,72147,a,,,4.5
2026-09-09T14:00:24.027466+00:00,2026-27,4,101188,u,0.0,Has joined Paris Saint-Germain permanently,4.5
2026-09-09T14:00:24.027466+00:00,2026-27,4,199796,a,,,4.5
2026-09-09T14:00:24.027466+00:00,2026-27,4,149484,a,,,4.5
2026-09-09T14:00:24.027466+00:00,2026-27,4,244954,a,,,4.5
2026-09-09T14:00:24.027466+00:00,2026-27,4,515597,a,,,5.0
2026-09-09T14:00:24.027466+00:00,2026-27,4,441302,a,,,4.5
2026-09-09T14:00:24.027466+00:00,2026-27,4,184667,a,,,4.5
2026-09-09T14:00:24.027466+00:00,2026-27,4,606798,a,,,4.0
2026-09-09T14:00:24.027466+00:00,2026-27,4,578545,u,0.0,Has joined Rangers on loan for the rest of the season,4.0
2026-09-09T14:00:24.027466+00:00,2026-27,4,195546,a,,,5.9
2026-09-09T14:00:24.027466+00:00,2026-27,4,215711,u,0.0,Has joined Olympiakos permanently,5.4
2026-09-09T14:00:24.027466+00:00,2026-27,4,122806,a,,,5.4
2026-09-09T14:00:24.027466+00:00,2026-27,4,88894,a,,,5.0
2026-09-09T14:00:24.027466+00:00,2026-27,4,226944,a,100.0,,5.0
2026-09-09T14:00:24.027466+00:00,2026-27,4,449871,i,0.0,Knee injury - Unknown return date,5.0
2026-09-09T14:00:24.027466+00:00,2026-27,4,469247,u,0.0,Has joined Bolton Wanderers on loan for the rest of the season,5.0
2026-09-09T14:00:24.027466+00:00,2026-27,4,645618,a,,,4.5
2026-09-09T14:00:24.027466+00:00,2026-27,4,577285,a,,,4.5
2026-09-09T14:00:24.027466+00:00,2026-27,4,653481,a,,,5.0
2026-09-09T14:00:24.027466+00:00,2026-27,4,614071,i,0.0,Knee injury - Expected back 12 Sep,5.9
2026-09-09T14:00:24.027466+00:00,2026-27,4,448089,s,0.0,Suspended until 19 Sep,5.5
2026-09-09T14:00:24.027466+00:00,2026-27,4,178301,u,0.0,Has joined Al Hilal permanently,7.8
2026-09-09T14:00:24.027466+00:00,2026-27,4,173879,a,100.0,,5.5
2026-09-09T14:00:24.027466+00:00,2026-27,4,493105,a,,,5.9
2026-09-09T14:00:24.027466+00:00,2026-27,4,517052,a,,,6.5
2026-09-09T14:00:24.027466+00:00,2026-27,4,690838,i,0.0,Unspecified injury - Unknown return date,5.5
2026-09-09T14:00:24.027466+00:00,2026-27,4,487992,a,,,4.5
2026-09-09T14:00:24.027466+00:00,2026-27,4,433969,a,,,5.0
2026-09-09T14:00:24.027466+00:00,2026-27,4,569577,a,,,4.0
2026-09-09T14:00:24.027466+00:00,2026-27,4,571380,u,0.0,Has joined Oxford United on loan until January,4.5
2026-09-09T14:00:24.027466+00:00,2026-27,4,214590,a,,,4.5
2026-09-09T14:00:24.027466+00:00,2026-27,4,119090,i,0.0,Knee injury - Expected back 10 Oct,6.0
2026-09-09T14:00:24.027466+00:00,2026-27,4,245719,a,,,4.5
2026-09-09T14:00:24.027466+00:00,2026-27,4,638987,a,,,6.0
2026-09-09T14:00:24.027466+00:00,2026-27,4,457569,a,,,4.5
2026-09-09T14:00:24.027466+00:00,2026-27,4,40383,a,,,4.0
2026-09-09T14:00:24.027466+00:00,2026-27,4,444172,u,0.0,Has joined MK Dons permanently,4.0
2026-09-09T14:00:24.027466+00:00,2026-27,4,463981,a,,,5.5
2026-09-09T14:00:24.027466+00:00,2026-27,4,494521,a,,,5.5
2026-09-09T14:00:24.027466+00:00,2026-27,4,242882,a,,,5.0
2026-09-09T14:00:24.027466+00:00,2026-27,4,620487,i,0.0,Unspecified injury - Unknown return date,5.0
2026-09-09T14:00:24.027466+00:00,2026-27,4,54469,a,,,4.5
2026-09-09T14:00:24.027466+00:00,2026-27,4,436893,i,0.0,Thigh injury - Unknown return date,4.4
2026-09-09T14:00:24.027466+00:00,2026-27,4,575901,a,100.0,,4.0
2026-09-09T14:00:24.027466+00:00,2026-27,4,499604,a,,,6.4
2026-09-09T14:00:24.027466+00:00,2026-27,4,201658,a,,,6.0
2026-09-09T14:00:24.027466+00:00,2026-27,4,503139,a,,,6.0
2026-09-09T14:00:24.027466+00:00,2026-27,4,222683,a,,,6.0
2026-09-09T14:00:24.027466+00:00,2026-27,4,155408,a,,,5.0
2026-09-09T14:00:24.027466+00:00,2026-27,4,496208,a,,,4.9
2026-09-09T14:00:24.027466+00:00,2026-27,4,200785,a,100.0,,5.0
2026-09-09T14:00:24.027466+00:00,2026-27,4,111317,a,100.0,,5.0
2026-09-09T14:00:24.027466+00:00,2026-27,4,158499,a,100.0,,5.0
2026-09-09T14:00:24.027466+00:00,2026-27,4,614574,a,,,5.0
2026-09-09T14:00:24.027466+00:00,2026-27,4,489888,i,0.0,Unspecified injury - Unknown return date,4.9
2026-09-09T14:00:24.027466+00:00,2026-27,4,560262,i,0.0,Foot injury - Unknown return date,7.4
2026-09-09T14:00:24.027466+00:00,2026-27,4,444102,a,,,6.0
2026-09-09T14:00:24.027466+00:00,2026-27,4,168636,u,0.0,Has joined Getafe permanently,5.5
2026-09-09T14:00:24.027466+00:00,2026-27,4,561245,a,100.0,,6.0
2026-09-09T14:00:24.027466+00:00,2026-27,4,483067,a,,,5.0
2026-09-09T14:00:24.027466+00:00,2026-27,4,494928,a,,,4.5
2026-09-09T14:00:24.027466+00:00,2026-27,4,523700,a,,,5.0
2026-09-09T14:00:24.027466+00:00,2026-27,4,230650,a,,,4.5
2026-09-09T14:00:24.027466+00:00,2026-27,4,200720,a,,,5.0
2026-09-09T14:00:24.027466+00:00,2026-27,4,507433,a,,,4.5
2026-09-09T14:00:24.027466+00:00,2026-27,4,432830,d,25.0,Calf injury - 25% chance of playing,5.5
2026-09-09T14:00:24.027466+00:00,2026-27,4,444765,i,0.0,Groin injury - Unknown return date,4.9
2026-09-09T14:00:24.027466+00:00,2026-27,4,249231,a,,,5.5
2026-09-09T14:00:24.027466+00:00,2026-27,4,191866,a,,,4.5
2026-09-09T14:00:24.027466+00:00,2026-27,4,607464,a,,,4.6
2026-09-09T14:00:24.027466+00:00,2026-27,4,194010,a,,,4.5
2026-09-09T14:00:24.027466+00:00,2026-27,4,472713,a,,,4.5
2026-09-09T14:00:24.027466+00:00,2026-27,4,570241,a,,,4.5
2026-09-09T14:00:24.027466+00:00,2026-27,4,513086,a,,,4.5
2026-09-09T14:00:24.027466+00:00,2026-27,4,513418,a,,,6.0
2026-09-09T14:00:24.027466+00:00,2026-27,4,533463,a,,,6.4
2026-09-09T14:00:24.027466+00:00,2026-27,4,440089,a,,,5.5
2026-09-09T14:00:24.027466+00:00,2026-27,4,207283,i,0.0,Unspecified injury - Expected back 18 Sep,5.5
2026-09-09T14:00:24.027466+00:00,2026-27,4,204580,a,,,5.0
2026-09-09T14:00:24.027466+00:00,2026-27,4,543295,i,0.0,Knee injury - Unknown return date,5.0
2026-09-09T14:00:24.027466+00:00,2026-27,4,244858,a,100.0,,5.0
2026-09-09T14:00:24.027466+00:00,2026-27,4,508395,a,,,4.9
2026-09-09T14:00:24.027466+00:00,2026-27,4,183656,i,0.0,Hamstring injury - Expected back 10 Oct,5.0
2026-09-09T14:00:24.027466+00:00,2026-27,4,444180,a,,,6.0
2026-09-09T14:00:24.027466+00:00,2026-27,4,502500,a,,,7.9
2026-09-09T14:00:24.027466+00:00,2026-27,4,593174,a,,,4.5
2026-09-09T14:00:24.027466+00:00,2026-27,4,75115,a,,,5.5
2026-09-09T14:00:24.027466+00:00,2026-27,4,513545,a,,,5.7
2026-09-09T14:00:24.027466+00:00,2026-27,4,613804,a,,,4.5
2026-09-09T14:00:24.027466+00:00,2026-27,4,489639,a,,,4.5
2026-09-09T14:00:24.027466+00:00,2026-27,4,49262,a,,,4.0
2026-09-09T14:00:24.027466+00:00,2026-27,4,231416,a,100.0,,4.4
2026-09-09T14:00:24.027466+00:00,2026-27,4,204120,a,,,4.5
2026-09-09T14:00:24.027466+00:00,2026-27,4,465730,a,,,4.8
2026-09-09T14:00:24.027466+00:00,2026-27,4,83299,a,,,4.5
2026-09-09T14:00:24.027466+00:00,2026-27,4,550090,a,,,4.5
2026-09-09T14:00:24.027466+00:00,2026-27,4,223434,u,0.0,Has joined Burnley permanently,4.5
2026-09-09T14:00:24.027466+00:00,2026-27,4,451490,a,,,4.5
2026-09-09T14:00:24.027466+00:00,2026-27,4,454490,a,,,5.0
2026-09-09T14:00:24.027466+00:00,2026-27,4,451340,i,0.0,Hamstring injury - Unknown return date,5.9
2026-09-09T14:00:24.027466+00:00,2026-27,4,592031,i,0.0,Leg injury - Expected back 28 Nov,5.9
2026-09-09T14:00:24.027466+00:00,2026-27,4,532529,d,50.0,Unspecified injury - 50% chance of playing,6.0
2026-09-09T14:00:24.027466+00:00,2026-27,4,60307,a,,,5.5
2026-09-09T14:00:24.027466+00:00,2026-27,4,463067,d,75.0,Unspecified injury - 75% chance of playing,5.5
2026-09-09T14:00:24.027466+00:00,2026-27,4,219249,a,,,5.5
2026-09-09T14:00:24.027466+00:00,2026-27,4,514254,a,,,5.0
2026-09-09T14:00:24.027466+00:00,2026-27,4,536916,u,0.0,Has joined Elche on loan for the rest of the season,5.0
2026-09-09T14:00:24.027466+00:00,2026-27,4,509416,a,100.0,,5.4
2026-09-09T14:00:24.027466+00:00,2026-27,4,467779,i,0.0,Knee injury - Unknown return date,5.0
2026-09-09T14:00:24.027466+00:00,2026-27,4,597320,u,0.0,Has joined Leicester City on loan for the rest of the season,4.5
2026-09-09T14:00:24.027466+00:00,2026-27,4,549074,u,0.0,Has joined Leicester City on loan for the rest of the season,5.0
2026-09-09T14:00:24.027466+00:00,2026-27,4,556637,a,,,4.5
2026-09-09T14:00:24.027466+00:00,2026-27,4,700308,a,,,4.9
2026-09-09T14:00:24.027466+00:00,2026-27,4,608181,i,0.0,Knee injury - Unknown return date,5.5
2026-09-09T14:00:24.027466+00:00,2026-27,4,647850,a,,,5.5
2026-09-09T14:00:24.027466+00:00,2026-27,4,487117,i,0.0,Ankle injury - Expected back 10 Oct,5.0
2026-09-09T14:00:24.027466+00:00,2026-27,4,222694,a,100.0,,5.0
2026-09-09T14:00:24.027466+00:00,2026-27,4,610799,a,,,5.0
2026-09-09T14:00:24.027466+00:00,2026-27,4,538007,a,,,6.0
2026-09-09T14:00:24.027466+00:00,2026-27,4,612855,a,,,5.0
2026-09-09T14:00:24.027466+00:00,2026-27,4,611695,a,,,4.5
2026-09-09T14:00:24.027466+00:00,2026-27,4,512123,a,,,4.5
2026-09-09T14:00:24.027466+00:00,2026-27,4,519324,u,0.0,Has joined Middlesbrough on loan for the rest of the season,5.0
2026-09-09T14:00:24.027466+00:00,2026-27,4,592984,a,,,5.5
2026-09-09T14:00:24.027466+00:00,2026-27,4,471551,i,0.0,Unspecified injury - Expected back 13 Sep,5.5
2026-09-09T14:00:24.027466+00:00,2026-27,4,98980,a,,,5.0
2026-09-09T14:00:24.027466+00:00,2026-27,4,244850,a,,,7.6
2026-09-09T14:00:24.027466+00:00,2026-27,4,56979,d,75.0,Wrist injury - 75% chance of playing,4.9
2026-09-09T14:00:24.027466+00:00,2026-27,4,50175,a,100.0,,5.9
2026-09-09T14:00:24.027466+00:00,2026-27,4,215059,u,0.0,Has joined Como on loan for the rest of the season,4.9
2026-09-09T14:00:24.027466+00:00,2026-27,4,508479,u,0.0,Has joined RC Strasbourg on loan for the rest of the season,5.0
2026-09-09T14:00:24.027466+00:00,2026-27,4,225796,a,,,5.4
2026-09-09T14:00:24.027466+00:00,2026-27,4,180736,u,0.0,Has joined Como permanently,5.5
2026-09-09T14:00:24.027466+00:00,2026-27,4,482609,a,,,5.0
2026-09-09T14:00:24.027466+00:00,2026-27,4,444463,a,100.0,,5.0
2026-09-09T14:00:24.027466+00:00,2026-27,4,242880,u,0.0,Has joined Napoli on loan for the rest of the season,4.5
2026-09-09T14:00:24.027466+00:00,2026-27,4,551210,a,,,4.5
2026-09-09T14:00:24.027466+00:00,2026-27,4,460028,a,,,4.9
2026-09-09T14:00:24.027466+00:00,2026-27,4,574458,u,0.0,Has joined Real Sociedad on loan for the rest of the season,4.5
2026-09-09T14:00:24.027466+00:00,2026-27,4,577016,a,,,4.5
2026-09-09T14:00:24.027466+00:00,2026-27,4,620109,d,75.0,Unspecified injury - 75% chance of playing,5.4
2026-09-09T14:00:24.027466+00:00,2026-27,4,244851,a,100.0,,9.6
2026-09-09T14:00:24.027466+00:00,2026-27,4,247632,a,,,6.5
2026-09-09T14:00:24.027466+00:00,2026-27,4,624773,a,,,6.4
2026-09-09T14:00:24.027466+00:00,2026-27,4,463936,a,,,5.9
2026-09-09T14:00:24.027466+00:00,2026-27,4,486672,d,75.0,Unspecified injury - 75% chance of playing,5.4
2026-09-09T14:00:24.027466+00:00,2026-27,4,514356,a,,,5.0
2026-09-09T14:00:24.027466+00:00,2026-27,4,491007,u,0.0,Has joined RC Strasbourg on loan for the rest of the season,4.5
2026-09-09T14:00:24.027466+00:00,2026-27,4,593117,a,100.0,,5.4
2026-09-09T14:00:24.027466+00:00,2026-27,4,475168,a,,,7.7
2026-09-09T14:00:24.027466+00:00,2026-27,4,499309,u,0.0,Has joined RB Leipzig permanently,5.0
2026-09-09T14:00:24.027466+00:00,2026-27,4,567119,a,,,4.5
2026-09-09T14:00:24.027466+00:00,2026-27,4,503037,a,100.0,,5.0
2026-09-09T14:00:24.027466+00:00,2026-27,4,437499,a,,,6.0
2026-09-09T14:00:24.027466+00:00,2026-27,4,549939,a,,,4.5
2026-09-09T14:00:24.027466+00:00,2026-27,4,622758,a,100.0,,4.5
2026-09-09T14:00:24.027466+00:00,2026-27,4,543158,a,,,5.5
2026-09-09T14:00:24.027466+00:00,2026-27,4,498444,a,,,4.9
2026-09-09T14:00:24.027466+00:00,2026-27,4,231065,a,,,4.5
2026-09-09T14:00:24.027466+00:00,2026-27,4,428580,a,,,4.9
2026-09-09T14:00:24.027466+00:00,2026-27,4,472739,a,,,4.5
2026-09-09T14:00:24.027466+00:00,2026-27,4,484389,u,0.0,Has joined Leyton Orient on loan for the rest of the season,4.0
2026-09-09T14:00:24.027466+00:00,2026-27,4,110690,a,,,4.5
2026-09-09T14:00:24.027466+00:00,2026-27,4,461102,a,,,4.0
2026-09-09T14:00:24.027466+00:00,2026-27,4,436761,u,0.0,Has joined Sheffield United on loan for the rest of the season,4.0
2026-09-09T14:00:24.027466+00:00,2026-27,4,451284,a,,,4.0
2026-09-09T14:00:24.027466+00:00,2026-27,4,173878,a,,,4.0
2026-09-09T14:00:24.027466+00:00,2026-27,4,465390,i,0.0,Hamstring injury - Unknown return date,4.0
2026-09-09T14:00:24.027466+00:00,2026-27,4,80178,a,,,4.0
2026-09-09T14:00:24.027466+00:00,2026-27,4,204813,a,,,4.0
2026-09-09T14:00:24.027466+00:00,2026-27,4,220583,i,0.0,Knee injury - Unknown return date,4.0
2026-09-09T14:00:24.027466+00:00,2026-27,4,577411,u,0.0,Has joined Academico de Viseu on loan for the rest of the season,4.0
2026-09-09T14:00:24.027466+00:00,2026-27,4,539142,a,,,4.0
2026-09-09T14:00:24.027466+00:00,2026-27,4,480457,a,100.0,,5.0
2026-09-09T14:00:24.027466+00:00,2026-27,4,168144,a,,,5.0
2026-09-09T14:00:24.027466+00:00,2026-27,4,501459,a,,,4.9
2026-09-09T14:00:24.027466+00:00,2026-27,4,241293,a,100.0,,5.4
2026-09-09T14:00:24.027466+00:00,2026-27,4,439668,a,,,4.9
2026-09-09T14:00:24.027466+00:00,2026-27,4,226965,a,,,5.4
2026-09-09T14:00:24.027466+00:00,2026-27,4,684268,a,,,4.5
2026-09-09T14:00:24.027466+00:00,2026-27,4,469272,a,,,5.5
2026-09-09T14:00:24.027466+00:00,2026-27,4,492498,u,0.0,Has joined Burton Albion on loan for the rest of the season,4.5
2026-09-09T14:00:24.027466+00:00,2026-27,4,629397,u,0.0,Has joined Oxford United on loan for the rest of the season,4.5
2026-09-09T14:00:24.027466+00:00,2026-27,4,176412,i,0.0,Thigh injury - Unknown return date,5.4
2026-09-09T14:00:24.027466+00:00,2026-27,4,230730,a,,,5.0
2026-09-09T14:00:24.027466+00:00,2026-27,4,218997,a,,,5.0
2026-09-09T14:00:24.027466+00:00,2026-27,4,551262,u,0.0,Has joined Shabab Al-Ahli Dubai permanently,5.0
2026-09-09T14:00:24.027466+00:00,2026-27,4,549653,u,0.0,Has joined KVC Westerlo on loan for the rest of the season,4.5
2026-09-09T14:00:24.027466+00:00,2026-27,4,210156,a,,,5.5
2026-09-09T14:00:24.027466+00:00,2026-27,4,661888,a,,,4.9
2026-09-09T14:00:24.027466+00:00,2026-27,4,196100,a,,,5.4
2026-09-09T14:00:24.027466+00:00,2026-27,4,627221,a,,,5.0
2026-09-09T14:00:24.027466+00:00,2026-27,4,79602,a,,,4.0
2026-09-09T14:00:24.027466+00:00,2026-27,4,485337,a,,,5.5
2026-09-09T14:00:24.027466+00:00,2026-27,4,220362,a,,,4.5
2026-09-09T14:00:24.027466+00:00,2026-27,4,172649,a,100.0,,5.0
2026-09-09T14:00:24.027466+00:00,2026-27,4,121709,a,,,4.5
2026-09-09T14:00:24.027466+00:00,2026-27,4,427623,a,,,5.0
2026-09-09T14:00:24.027466+00:00,2026-27,4,651426,a,,,4.9
2026-09-09T14:00:24.027466+00:00,2026-27,4,244723,a,,,4.5
2026-09-09T14:00:24.027466+00:00,2026-27,4,218364,u,0.0,Has joined FC Cologne on loan for the rest of the season,4.5
2026-09-09T14:00:24.027466+00:00,2026-27,4,515621,i,0.0,Knee injury - Unknown return date,4.4
2026-09-09T14:00:24.027466+00:00,2026-27,4,242313,a,,,4.4
2026-09-09T14:00:24.027466+00:00,2026-27,4,232185,i,0.0,Groin injury - Unknown return date,6.3
2026-09-09T14:00:24.027466+00:00,2026-27,4,496221,a,100.0,,5.5
2026-09-09T14:00:24.027466+00:00,2026-27,4,488024,a,,,5.5
2026-09-09T14:00:24.027466+00:00,2026-27,4,108413,a,,,4.5
2026-09-09T14:00:24.027466+00:00,2026-27,4,152551,a,,,4.9
2026-09-09T14:00:24.027466+00:00,2026-27,4,209400,a,,,5.0
2026-09-09T14:00:24.027466+00:00,2026-27,4,489706,u,0.0,Has joined Stoke City permanently,5.0
2026-09-09T14:00:24.027466+00:00,2026-27,4,606921,u,0.0,Has joined Millwall on loan for the rest of the season,5.0
2026-09-09T14:00:24.027466+00:00,2026-27,4,536694,a,,,4.9
2026-09-09T14:00:24.027466+00:00,2026-27,4,438464,a,,,4.9
2026-09-09T14:00:24.027466+00:00,2026-27,4,450542,a,,,5.0
2026-09-09T14:00:24.027466+00:00,2026-27,4,590014,u,0.0,Has joined Bristol City on loan for the rest of the season,4.5
2026-09-09T14:00:24.027466+00:00,2026-27,4,672492,a,,,4.5
2026-09-09T14:00:24.027466+00:00,2026-27,4,247412,a,,,6.0
2026-09-09T14:00:24.027466+00:00,2026-27,4,231747,i,0.0,Hamstring injury - Expected back 11 Oct,6.4
2026-09-09T14:00:24.027466+00:00,2026-27,4,205533,a,,,5.5
2026-09-09T14:00:24.027466+00:00,2026-27,4,660392,u,0.0,has returned to Getafe CF,5.0
2026-09-09T14:00:24.027466+00:00,2026-27,4,433154,a,,,5.4
2026-09-09T14:00:24.027466+00:00,2026-27,4,169593,a,,,4.0
2026-09-09T14:00:24.027466+00:00,2026-27,4,223723,a,,,4.5
2026-09-09T14:00:24.027466+00:00,2026-27,4,570794,a,,,5.0
2026-09-09T14:00:24.027466+00:00,2026-27,4,559152,a,,,5.0
2026-09-09T14:00:24.027466+00:00,2026-27,4,605972,a,,,4.5
2026-09-09T14:00:24.027466+00:00,2026-27,4,172850,a,,,4.5
2026-09-09T14:00:24.027466+00:00,2026-27,4,450063,a,,,5.0
2026-09-09T14:00:24.027466+00:00,2026-27,4,533646,a,,,5.5
2026-09-09T14:00:24.027466+00:00,2026-27,4,128295,i,0.0,Groin injury - Unknown return date,4.9
2026-09-09T14:00:24.027466+00:00,2026-27,4,242898,a,,,5.9
2026-09-09T14:00:24.027466+00:00,2026-27,4,111234,a,,,5.5
2026-09-09T14:00:24.027466+00:00,2026-27,4,229600,a,,,5.0
2026-09-09T14:00:24.027466+00:00,2026-27,4,138001,a,,,4.5
2026-09-09T14:00:24.027466+00:00,2026-27,4,17761,a,,,6.0
2026-09-09T14:00:24.027466+00:00,2026-27,4,480455,a,,,5.5
2026-09-09T14:00:24.027466+00:00,2026-27,4,106611,a,,,4.9
2026-09-09T14:00:24.027466+00:00,2026-27,4,512462,a,,,4.9
2026-09-09T14:00:24.027466+00:00,2026-27,4,224967,a,,,4.5
2026-09-09T14:00:24.027466+00:00,2026-27,4,243571,u,0.0,Has joined Torino permanently,4.5
2026-09-09T14:00:24.027466+00:00,2026-27,4,499300,u,0.0,Has joined Malaga on loan for the rest of the season,4.0
2026-09-09T14:00:24.027466+00:00,2026-27,4,215413,a,,,6.5
2026-09-09T14:00:24.027466+00:00,2026-27,4,114283,a,100.0,,6.5
2026-09-09T14:00:24.027466+00:00,2026-27,4,232928,d,75.0,Unspecified injury - 75% chance of playing,6.0
2026-09-09T14:00:24.027466+00:00,2026-27,4,550615,a,,,5.5
2026-09-09T14:00:24.027466+00:00,2026-27,4,502697,a,,,5.0
2026-09-09T14:00:24.027466+00:00,2026-27,4,609873,a,,,5.0
2026-09-09T14:00:24.027466+00:00,2026-27,4,496661,a,,,5.4
2026-09-09T14:00:24.027466+00:00,2026-27,4,513466,a,,,5.0
2026-09-09T14:00:24.027466+00:00,2026-27,4,244860,a,100.0,,5.5
2026-09-09T14:00:24.027466+00:00,2026-27,4,486385,u,0.0,Has joined Fiorentina permanently,5.4
2026-09-09T14:00:24.027466+00:00,2026-27,4,586309,a,,,5.6
2026-09-09T14:00:24.027466+00:00,2026-27,4,154043,a,,,4.5
2026-09-09T14:00:24.027466+00:00,2026-27,4,629068,a,,,4.5
2026-09-09T14:00:24.027466+00:00,2026-27,4,80201,a,,,4.5
2026-09-09T14:00:24.027466+00:00,2026-27,4,86873,a,,,4.0
2026-09-09T14:00:24.027466+00:00,2026-27,4,505079,u,0.0,Has joined York City on loan for the rest of the season,4.0
2026-09-09T14:00:24.027466+00:00,2026-27,4,174874,a,100.0,,5.0
2026-09-09T14:00:24.027466+00:00,2026-27,4,169528,a,,,4.5
2026-09-09T14:00:24.027466+00:00,2026-27,4,246301,a,,,4.5
2026-09-09T14:00:24.027466+00:00,2026-27,4,167074,a,,,4.4
2026-09-09T14:00:24.027466+00:00,2026-27,4,232892,a,,,4.5
2026-09-09T14:00:24.027466+00:00,2026-27,4,166477,a,,,4.5
2026-09-09T14:00:24.027466+00:00,2026-27,4,153133,a,,,5.5
2026-09-09T14:00:24.027466+00:00,2026-27,4,209289,a,,,5.4
2026-09-09T14:00:24.027466+00:00,2026-27,4,560552,a,,,5.4
2026-09-09T14:00:24.027466+00:00,2026-27,4,477555,a,,,5.5
2026-09-09T14:00:24.027466+00:00,2026-27,4,207189,a,,,5.0
2026-09-09T14:00:24.027466+00:00,2026-27,4,76357,i,0.0,Knee injury - Expected back 10 Oct,5.0
2026-09-09T14:00:24.027466+00:00,2026-27,4,577725,a,,,5.5
2026-09-09T14:00:24.027466+00:00,2026-27,4,184349,a,,,4.5
2026-09-09T14:00:24.027466+00:00,2026-27,4,153366,a,,,4.5
2026-09-09T14:00:24.027466+00:00,2026-27,4,244042,a,,,5.4
2026-09-09T14:00:24.027466+00:00,2026-27,4,631786,a,,,4.5
2026-09-09T14:00:24.027466+00:00,2026-27,4,551466,a,,,6.0
2026-09-09T14:00:24.027466+00:00,2026-27,4,571779,a,,,5.5
2026-09-09T14:00:24.027466+00:00,2026-27,4,463210,a,,,5.0
2026-09-09T14:00:24.027466+00:00,2026-27,4,547686,d,75.0,Unspecified injury - 75% chance of playing,4.0
2026-09-09T14:00:24.027466+00:00,2026-27,4,616069,a,,,4.5
2026-09-09T14:00:24.027466+00:00,2026-27,4,551050,a,,,5.0
2026-09-09T14:00:24.027466+00:00,2026-27,4,500033,a,,,5.0
2026-09-09T14:00:24.027466+00:00,2026-27,4,442299,a,,,4.5
2026-09-09T14:00:24.027466+00:00,2026-27,4,490094,a,100.0,,5.0
2026-09-09T14:00:24.027466+00:00,2026-27,4,167825,a,,,4.0
2026-09-09T14:00:24.027466+00:00,2026-27,4,105666,i,0.0,Arm injury - Unknown return date,4.5
2026-09-09T14:00:24.027466+00:00,2026-27,4,494950,u,0.0,Has joined Grimsby Town on loan for the rest of the season,4.0
2026-09-09T14:00:24.027466+00:00,2026-27,4,444307,u,0.0,Has joined Colchester United on loan for the rest of the season,4.0
2026-09-09T14:00:24.027466+00:00,2026-27,4,108416,a,,,4.1
2026-09-09T14:00:24.027466+00:00,2026-27,4,501902,i,0.0,Groin injury - Unknown return date,4.0
2026-09-09T14:00:24.027466+00:00,2026-27,4,146426,a,100.0,,4.1
2026-09-09T14:00:24.027466+00:00,2026-27,4,193278,a,100.0,,4.0
2026-09-09T14:00:24.027466+00:00,2026-27,4,433590,u,0.0,Has joined Genoa permanently,4.0
2026-09-09T14:00:24.027466+00:00,2026-27,4,232351,a,,,4.0
2026-09-09T14:00:24.027466+00:00,2026-27,4,449428,u,0.0,Has joined Newport County on loan until January,4.0
2026-09-09T14:00:24.027466+00:00,2026-27,4,661800,a,,,4.0
2026-09-09T14:00:24.027466+00:00,2026-27,4,160817,d,75.0,Foot injury - 75% chance of playing,4.0
2026-09-09T14:00:24.027466+00:00,2026-27,4,540324,a,,,5.0
2026-09-09T14:00:24.027466+00:00,2026-27,4,232905,u,0.0,Has joined Birmingham on loan for the rest of the season,5.0
2026-09-09T14:00:24.027466+00:00,2026-27,4,171270,a,,,4.5
2026-09-09T14:00:24.027466+00:00,2026-27,4,101282,a,100.0,,4.5
2026-09-09T14:00:24.027466+00:00,2026-27,4,243413,a,,,4.5
2026-09-09T14:00:24.027466+00:00,2026-27,4,465525,i,0.0,Knee injury - Unknown return date,4.5
2026-09-09T14:00:24.027466+00:00,2026-27,4,208481,a,,,4.9
2026-09-09T14:00:24.027466+00:00,2026-27,4,490161,u,0.0,Has joined Portsmouth permanently,5.0
2026-09-09T14:00:24.027466+00:00,2026-27,4,553783,a,100.0,,4.5
2026-09-09T14:00:24.027466+00:00,2026-27,4,169432,a,,,5.5
2026-09-09T14:00:24.027466+00:00,2026-27,4,213292,a,,,5.0
2026-09-09T14:00:24.027466+00:00,2026-27,4,470294,i,0.0,Thigh injury - Unknown return date,4.5
2026-09-09T14:00:24.027466+00:00,2026-27,4,500957,u,0.0,Has joined Konyaspor permanently,4.5
2026-09-09T14:00:24.027466+00:00,2026-27,4,534392,u,0.0,Has joined Sheffield Wednesday on loan for the rest of the season,4.5
2026-09-09T14:00:24.027466+00:00,2026-27,4,462635,a,100.0,,5.0
2026-09-09T14:00:24.027466+00:00,2026-27,4,169359,a,,,4.0
2026-09-09T14:00:24.027466+00:00,2026-27,4,445028,a,100.0,,5.0
2026-09-09T14:00:24.027466+00:00,2026-27,4,473284,a,,,4.6
2026-09-09T14:00:24.027466+00:00,2026-27,4,552946,a,,,4.9
2026-09-09T14:00:24.027466+00:00,2026-27,4,608227,a,,,5.0
2026-09-09T14:00:24.027466+00:00,2026-27,4,597462,a,,,4.0
2026-09-09T14:00:24.027466+00:00,2026-27,4,606930,a,100.0,,4.0
2026-09-09T14:00:24.027466+00:00,2026-27,4,469266,a,,,5.0
2026-09-09T14:00:24.027466+00:00,2026-27,4,490884,a,,,5.0
2026-09-09T14:00:24.027466+00:00,2026-27,4,626751,i,0.0,Back injury - Unknown return date,5.0
2026-09-09T14:00:24.027466+00:00,2026-27,4,631000,a,,,5.0
2026-09-09T14:00:24.027466+00:00,2026-27,4,496181,a,,,4.0
2026-09-09T14:00:24.027466+00:00,2026-27,4,243951,a,,,5.5
2026-09-09T14:00:24.027466+00:00,2026-27,4,647839,a,,,5.0
2026-09-09T14:00:24.027466+00:00,2026-27,4,219924,a,,,4.0
2026-09-09T14:00:24.027466+00:00,2026-27,4,212314,a,,,5.0
2026-09-09T14:00:24.027466+00:00,2026-27,4,108813,a,,,4.5
2026-09-09T14:00:24.027466+00:00,2026-27,4,112520,a,,,4.0
2026-09-09T14:00:24.027466+00:00,2026-27,4,50093,a,,,4.0
2026-09-09T14:00:24.027466+00:00,2026-27,4,183015,a,,,4.0
2026-09-09T14:00:24.027466+00:00,2026-27,4,216616,a,,,4.0
2026-09-09T14:00:24.027466+00:00,2026-27,4,455084,a,,,4.0
2026-09-09T14:00:24.027466+00:00,2026-27,4,449429,a,,,4.0
2026-09-09T14:00:24.027466+00:00,2026-27,4,222018,u,0.0,Has joined Stoke City on loan for the rest of the season,4.0
2026-09-09T14:00:24.027466+00:00,2026-27,4,176420,a,,,4.0
2026-09-09T14:00:24.027466+00:00,2026-27,4,501390,a,,,5.0
2026-09-09T14:00:24.027466+00:00,2026-27,4,241117,i,0.0,Muscular injury - Unknown return date,4.9
2026-09-09T14:00:24.027466+00:00,2026-27,4,149929,u,0.0,Has joined Leicester City permanently,5.0
2026-09-09T14:00:24.027466+00:00,2026-27,4,231899,i,0.0,Knee injury - Unknown return date,4.5
2026-09-09T14:00:24.027466+00:00,2026-27,4,443261,a,,,5.5
2026-09-09T14:00:24.027466+00:00,2026-27,4,229164,u,0.0,Has joined Lincoln City on loan until January,4.9
2026-09-09T14:00:24.027466+00:00,2026-27,4,531442,a,,,5.5
2026-09-09T14:00:24.027466+00:00,2026-27,4,543968,a,100.0,,5.5
2026-09-09T14:00:24.027466+00:00,2026-27,4,222625,u,0.0,Has joined Stoke City permanently,5.0
2026-09-09T14:00:24.027466+00:00,2026-27,4,481624,i,0.0,Ankle injury - Unknown return date,5.4
2026-09-09T14:00:24.027466+00:00,2026-27,4,172453,u,0.0,Has joined Derby County on loan for the rest of the season,5.0
2026-09-09T14:00:24.027466+00:00,2026-27,4,147675,a,,,5.0
2026-09-09T14:00:24.027466+00:00,2026-27,4,557012,a,,,4.5
2026-09-09T14:00:24.027466+00:00,2026-27,4,462387,u,0.0,Has joined Sheffield Wednesday on loan for the rest of the season,5.0
2026-09-09T14:00:24.027466+00:00,2026-27,4,461587,a,,,4.5
2026-09-09T14:00:24.027466+00:00,2026-27,4,232457,a,,,4.9
2026-09-09T14:00:24.027466+00:00,2026-27,4,546600,u,0.0,Has joined Valencia on loan for the rest of the season,4.5
2026-09-09T14:00:24.027466+00:00,2026-27,4,442967,a,,,5.4
2026-09-09T14:00:24.027466+00:00,2026-27,4,240514,a,,,4.5
2026-09-09T14:00:24.027466+00:00,2026-27,4,216055,a,100.0,,4.9
2026-09-09T14:00:24.027466+00:00,2026-27,4,474120,a,100.0,,5.5
2026-09-09T14:00:24.027466+00:00,2026-27,4,572584,a,,,4.0
2026-09-09T14:00:24.027466+00:00,2026-27,4,524180,u,0.0,Has joined Huddersfield Town on loan for the rest of the season,4.5
2026-09-09T14:00:24.027466+00:00,2026-27,4,218543,a,,,5.0
2026-09-09T14:00:24.027466+00:00,2026-27,4,431639,a,,,5.5
2026-09-09T14:00:24.027466+00:00,2026-27,4,153682,a,,,6.3
2026-09-09T14:00:24.027466+00:00,2026-27,4,201595,u,0.0,Has joined Torino on loan for the rest of the season,4.5
2026-09-09T14:00:24.027466+00:00,2026-27,4,434752,a,,,5.0
2026-09-09T14:00:24.027466+00:00,2026-27,4,214225,i,0.0,Hamstring injury - Expected back 21 Nov,4.4
2026-09-09T14:00:24.027466+00:00,2026-27,4,226182,a,,,4.5
2026-09-09T14:00:24.027466+00:00,2026-27,4,243526,a,100.0,,4.5
2026-09-09T14:00:24.027466+00:00,2026-27,4,220627,a,,,4.5
2026-09-09T14:00:24.027466+00:00,2026-27,4,437738,u,0.0,Has joined Hamburg SV on loan for the rest of the season,4.5
2026-09-09T14:00:24.027466+00:00,2026-27,4,522047,a,,,5.0
2026-09-09T14:00:24.027466+00:00,2026-27,4,466525,a,,,6.0
2026-09-09T14:00:24.027466+00:00,2026-27,4,435997,a,,,5.9
2026-09-09T14:00:24.027466+00:00,2026-27,4,427637,a,,,5.4
2026-09-09T14:00:24.027466+00:00,2026-27,4,199598,a,,,5.5
2026-09-09T14:00:24.027466+00:00,2026-27,4,180135,a,,,4.9
2026-09-09T14:00:24.027466+00:00,2026-27,4,492859,u,0.0,Has joined ACF Fiorentina on loan for the rest of the season,5.0
2026-09-09T14:00:24.027466+00:00,2026-27,4,221399,u,0.0,Has joined New England Revolution permanently,5.0
2026-09-09T14:00:24.027466+00:00,2026-27,4,200617,a,,,5.0
2026-09-09T14:00:24.027466+00:00,2026-27,4,486520,d,25.0,Knee injury - 25% chance of playing,5.0
2026-09-09T14:00:24.027466+00:00,2026-27,4,248056,a,,,4.9
2026-09-09T14:00:24.027466+00:00,2026-27,4,177815,a,,,6.0
2026-09-09T14:00:24.027466+00:00,2026-27,4,174594,a,,,5.4
2026-09-09T14:00:24.027466+00:00,2026-27,4,235826,u,0.0,Has joined West Ham United on loan for the rest of the season,5.0
2026-09-09T14:00:24.027466+00:00,2026-27,4,565297,i,0.0,Knee injury - Unknown return date,4.5
2026-09-09T14:00:24.027466+00:00,2026-27,4,432720,a,,,5.0
2026-09-09T14:00:24.027466+00:00,2026-27,4,173774,a,,,4.5
2026-09-09T14:00:24.027466+00:00,2026-27,4,643970,a,,,4.0
2026-09-09T14:00:24.027466+00:00,2026-27,4,592740,a,,,4.5
2026-09-09T14:00:24.027466+00:00,2026-27,4,97846,a,,,4.0
2026-09-09T14:00:24.027466+00:00,2026-27,4,155465,a,,,4.0
2026-09-09T14:00:24.027466+00:00,2026-27,4,437497,a,,,4.5
2026-09-09T14:00:24.027466+00:00,2026-27,4,587982,a,,,5.0
2026-09-09T14:00:24.027466+00:00,2026-27,4,116535,a,,,5.5
2026-09-09T14:00:24.027466+00:00,2026-27,4,449027,a,,,4.9
2026-09-09T14:00:24.027466+00:00,2026-27,4,155503,a,,,4.0
2026-09-09T14:00:24.027466+00:00,2026-27,4,586268,u,0.0,Has joined TSV Hartberg on loan for the rest of the season,4.0
2026-09-09T14:00:24.027466+00:00,2026-27,4,432987,i,0.0,Knee injury - Unknown return date,4.0
2026-09-09T14:00:24.027466+00:00,2026-27,4,464353,a,,,4.0
2026-09-09T14:00:24.027466+00:00,2026-27,4,97032,a,,,6.5
2026-09-09T14:00:24.027466+00:00,2026-27,4,216094,a,,,5.4
2026-09-09T14:00:24.027466+00:00,2026-27,4,544877,a,,,5.4
2026-09-09T14:00:24.027466+00:00,2026-27,4,171287,i,0.0,Muscular injury - Unknown return date,5.0
2026-09-09T14:00:24.027466+00:00,2026-27,4,492777,i,0.0,Knee injury - Unknown return date,5.0
2026-09-09T14:00:24.027466+00:00,2026-27,4,519440,a,,,4.0
2026-09-09T14:00:24.027466+00:00,2026-27,4,606702,a,100.0,,5.0
2026-09-09T14:00:24.027466+00:00,2026-27,4,647681,i,0.0,Knee injury - Unknown return date,4.0
2026-09-09T14:00:24.027466+00:00,2026-27,4,214285,a,,,4.9
2026-09-09T14:00:24.027466+00:00,2026-27,4,489580,u,0.0,Has joined St Mirren on loan for the rest of the season,4.0
2026-09-09T14:00:24.027466+00:00,2026-27,4,494595,a,,,7.4
2026-09-09T14:00:24.027466+00:00,2026-27,4,243298,a,,,7.2
2026-09-09T14:00:24.027466+00:00,2026-27,4,424876,a,,,7.0
2026-09-09T14:00:24.027466+00:00,2026-27,4,611922,a,,,5.8
2026-09-09T14:00:24.027466+00:00,2026-27,4,223541,i,0.0,Back injury - Unknown return date,5.4
2026-09-09T14:00:24.027466+00:00,2026-27,4,441266,a,,,5.9
2026-09-09T14:00:24.027466+00:00,2026-27,4,243016,a,,,5.4
2026-09-09T14:00:24.027466+00:00,2026-27,4,206915,u,0.0,Has joined Internazionale permanently,5.5
2026-09-09T14:00:24.027466+00:00,2026-27,4,158983,a,100.0,,5.0
2026-09-09T14:00:24.027466+00:00,2026-27,4,591386,a,,,4.9
2026-09-09T14:00:24.027466+00:00,2026-27,4,535928,u,0.0,Has joined Celta Vigo permanently,5.0
2026-09-09T14:00:24.027466+00:00,2026-27,4,551499,a,,,6.5
2026-09-09T14:00:24.027466+00:00,2026-27,4,491501,a,,,4.5
2026-09-09T14:00:24.027466+00:00,2026-27,4,219168,a,,,9.1
2026-09-09T14:00:24.027466+00:00,2026-27,4,510663,i,0.0,Achilles injury - Unknown return date,7.4
2026-09-09T14:00:24.027466+00:00,2026-27,4,514514,a,,,5.0
2026-09-09T14:00:24.027466+00:00,2026-27,4,500058,a,100.0,,4.5
2026-09-09T14:00:24.027466+00:00,2026-27,4,444884,u,0.0,Has joined Valencia on loan for the rest of the season,5.4
2026-09-09T14:00:24.027466+00:00,2026-27,4,445087,a,,,5.4
2026-09-09T14:00:24.027466+00:00,2026-27,4,482616,a,,,8.0
2026-09-09T14:00:24.027466+00:00,2026-27,4,448047,a,,,6.9
2026-09-09T14:00:24.027466+00:00,2026-27,4,440993,a,,,5.9
2026-09-09T14:00:24.027466+00:00,2026-27,4,204936,a,,,5.5
2026-09-09T14:00:24.027466+00:00,2026-27,4,122074,a,,,4.5
2026-09-09T14:00:24.027466+00:00,2026-27,4,472769,d,75.0,Back injury - 75% chance of playing,6.5
2026-09-09T14:00:24.027466+00:00,2026-27,4,209036,a,,,6.0
2026-09-09T14:00:24.027466+00:00,2026-27,4,465351,a,100.0,,5.9
2026-09-09T14:00:24.027466+00:00,2026-27,4,171314,a,,,5.5
2026-09-09T14:00:24.027466+00:00,2026-27,4,477424,a,,,5.6
2026-09-09T14:00:24.027466+00:00,2026-27,4,448514,a,,,5.3
2026-09-09T14:00:24.027466+00:00,2026-27,4,578153,a,,,5.5
2026-09-09T14:00:24.027466+00:00,2026-27,4,494307,u,0.0,Has joined Burnley on loan for the rest of the season,5.0
2026-09-09T14:00:24.027466+00:00,2026-27,4,477064,a,,,4.5
2026-09-09T14:00:24.027466+00:00,2026-27,4,616222,a,,,4.5
2026-09-09T14:00:24.027466+00:00,2026-27,4,437730,a,,,8.4
2026-09-09T14:00:24.027466+00:00,2026-27,4,209244,a,,,7.0
2026-09-09T14:00:24.027466+00:00,2026-27,4,466052,a,,,7.8
2026-09-09T14:00:24.027466+00:00,2026-27,4,248875,i,0.0,Calf injury - Expected back 13 Sep,7.4
2026-09-09T14:00:24.027466+00:00,2026-27,4,220566,u,0.0,Has joined Barcelona permanently,6.5
2026-09-09T14:00:24.027466+00:00,2026-27,4,433036,u,0.0,Has joined Al Qadsiah permanently,6.0
2026-09-09T14:00:24.027466+00:00,2026-27,4,91651,a,,,5.4
2026-09-09T14:00:24.027466+00:00,2026-27,4,575204,u,0.0,Has joined Benfica on loan for the rest of the season,4.9
2026-09-09T14:00:24.027466+00:00,2026-27,4,155405,u,0.0,Has joined Sheffield United on loan for the rest of the season,5.0
2026-09-09T14:00:24.027466+00:00,2026-27,4,590039,u,0.0,has joined West Ham on loan for the rest of the seaon.,4.5
2026-09-09T14:00:24.027466+00:00,2026-27,4,649208,u,0.0,Has joined Swansea City on loan for the rest of the season,4.9
2026-09-09T14:00:24.027466+00:00,2026-27,4,223094,a,,,15.5
2026-09-09T14:00:24.027466+00:00,2026-27,4,215379,a,100.0,,6.3
2026-09-09T14:00:24.027466+00:00,2026-27,4,106921,a,,,5.0
2026-09-09T14:00:24.027466+00:00,2026-27,4,637238,a,,,5.5
2026-09-09T14:00:24.027466+00:00,2026-27,4,616288,a,,,4.5
2026-09-09T14:00:24.027466+00:00,2026-27,4,554054,a,,,4.0
2026-09-09T14:00:24.027466+00:00,2026-27,4,624777,a,,,6.0
2026-09-09T14:00:24.027466+00:00,2026-27,4,595480,a,,,4.5
2026-09-09T14:00:24.027466+00:00,2026-27,4,166989,a,100.0,,5.9
2026-09-09T14:00:24.027466+00:00,2026-27,4,535301,i,0.0,Ankle injury - Expected back 19 Sep,5.0
2026-09-09T14:00:24.027466+00:00,2026-27,4,532605,a,,,4.9
2026-09-09T14:00:24.027466+00:00,2026-27,4,59735,a,100.0,,4.5
2026-09-09T14:00:24.027466+00:00,2026-27,4,465247,a,,,5.0
2026-09-09T14:00:24.027466+00:00,2026-27,4,451302,u,0.0,Has joined Celta Vigo on loan for the rest of the season,4.5
2026-09-09T14:00:24.027466+00:00,2026-27,4,21205,i,0.0,Hamstring injury - Unknown return date,4.0
2026-09-09T14:00:24.027466+00:00,2026-27,4,596777,a,,,5.8
2026-09-09T14:00:24.027466+00:00,2026-27,4,209365,i,0.0,Back injury - Unknown return date,5.0
2026-09-09T14:00:24.027466+00:00,2026-27,4,216051,a,,,4.9
2026-09-09T14:00:24.027466+00:00,2026-27,4,95658,a,,,4.9
2026-09-09T14:00:24.027466+00:00,2026-27,4,221820,a,100.0,,5.0
2026-09-09T14:00:24.027466+00:00,2026-27,4,550864,a,,,4.9
2026-09-09T14:00:24.027466+00:00,2026-27,4,606745,a,,,4.4
2026-09-09T14:00:24.027466+00:00,2026-27,4,230001,a,,,4.5
2026-09-09T14:00:24.027466+00:00,2026-27,4,106760,a,,,4.4
2026-09-09T14:00:24.027466+00:00,2026-27,4,577974,a,,,4.0
2026-09-09T14:00:24.027466+00:00,2026-27,4,547676,u,0.0,Has joined Lausanne-Sport permanently,4.0
2026-09-09T14:00:24.027466+00:00,2026-27,4,141746,a,,,12.0
2026-09-09T14:00:24.027466+00:00,2026-27,4,446008,a,,,7.9
2026-09-09T14:00:24.027466+00:00,2026-27,4,430871,a,,,7.9
2026-09-09T14:00:24.027466+00:00,2026-27,4,176297,a,,,7.0
2026-09-09T14:00:24.027466+00:00,2026-27,4,184341,a,100.0,,5.4
2026-09-09T14:00:24.027466+00:00,2026-27,4,493250,i,0.0,Unspecified injury - Unknown return date,5.8
2026-09-09T14:00:24.027466+00:00,2026-27,4,516895,a,,,5.5
2026-09-09T14:00:24.027466+00:00,2026-27,4,232112,i,0.0,Knee injury - Unknown return date,5.0
2026-09-09T14:00:24.027466+00:00,2026-27,4,547037,a,,,5.0
2026-09-09T14:00:24.027466+00:00,2026-27,4,576628,a,,,4.9
2026-09-09T14:00:24.027466+00:00,2026-27,4,490881,u,0.0,Has joined West Brom permanently,5.0
2026-09-09T14:00:24.027466+00:00,2026-27,4,576620,a,,,4.5
2026-09-09T14:00:24.027466+00:00,2026-27,4,519913,a,,,4.5
2026-09-09T14:00:24.027466+00:00,2026-27,4,485711,a,100.0,,7.0
2026-09-09T14:00:24.027466+00:00,2026-27,4,458249,a,,,5.4
2026-09-09T14:00:24.027466+00:00,2026-27,4,596047,a,,,4.5
2026-09-09T14:00:24.027466+00:00,2026-27,4,465694,a,,,5.5
2026-09-09T14:00:24.027466+00:00,2026-27,4,98747,a,,,4.9
2026-09-09T14:00:24.027466+00:00,2026-27,4,81441,a,,,4.5
2026-09-09T14:00:24.027466+00:00,2026-27,4,554578,a,,,4.5
2026-09-09T14:00:24.027466+00:00,2026-27,4,465642,a,,,5.0
2026-09-09T14:00:24.027466+00:00,2026-27,4,119471,a,100.0,,5.0
2026-09-09T14:00:24.027466+00:00,2026-27,4,220237,a,,,5.0
2026-09-09T14:00:24.027466+00:00,2026-27,4,78916,i,0.0,Ankle injury - Expected back 14 Sep,4.9
2026-09-09T14:00:24.027466+00:00,2026-27,4,487838,a,,,5.1
2026-09-09T14:00:24.027466+00:00,2026-27,4,441191,a,100.0,,4.9
2026-09-09T14:00:24.027466+00:00,2026-27,4,545477,u,0.0,Has joined FC Kaiserslautern on loan for the rest of the season,4.0
2026-09-09T14:00:24.027466+00:00,2026-27,4,201666,a,,,6.0
2026-09-09T14:00:24.027466+00:00,2026-27,4,449434,a,,,6.1
2026-09-09T14:00:24.027466+00:00,2026-27,4,232653,a,,,4.9
2026-09-09T14:00:24.027466+00:00,2026-27,4,114243,a,,,5.9
2026-09-09T14:00:24.027466+00:00,2026-27,4,180974,i,0.0,Unspecified injury - Unknown return date,5.4
2026-09-09T14:00:24.027466+00:00,2026-27,4,547719,a,100.0,,5.5
2026-09-09T14:00:24.027466+00:00,2026-27,4,200089,a,,,5.0
2026-09-09T14:00:24.027466+00:00,2026-27,4,611665,a,,,5.9
2026-09-09T14:00:24.027466+00:00,2026-27,4,636852,a,,,4.9
2026-09-09T14:00:24.027466+00:00,2026-27,4,470313,u,0.0,Has joined Juventus on loan for the rest of the season,5.9
2026-09-09T14:00:24.027466+00:00,2026-27,4,216646,a,,,6.2
2026-09-09T14:00:24.027466+00:00,2026-27,4,538207,i,0.0,Foot injury - Unknown return date,5.9
2026-09-09T14:00:24.027466+00:00,2026-27,4,599303,u,0.0,Has joined Wolves on loan for the rest of the season,4.5
2026-09-09T14:00:24.027466+00:00,2026-27,4,632794,a,,,4.9
2026-09-09T14:00:24.027466+00:00,2026-27,4,470551,a,,,5.0
2026-09-09T14:00:24.027466+00:00,2026-27,4,463726,a,,,4.5
2026-09-09T14:00:24.027466+00:00,2026-27,4,553746,a,,,4.0
2026-09-09T14:00:24.027466+00:00,2026-27,4,613221,a,,,6.0
2026-09-09T14:00:24.027466+00:00,2026-27,4,463034,a,,,5.5
2026-09-09T14:00:24.027466+00:00,2026-27,4,247348,a,,,5.4
2026-09-09T14:00:24.027466+00:00,2026-27,4,85633,a,,,5.0
2026-09-09T14:00:24.027466+00:00,2026-27,4,221389,a,,,4.5
2026-09-09T14:00:24.027466+00:00,2026-27,4,215136,a,,,5.0
2026-09-09T14:00:24.027466+00:00,2026-27,4,485047,u,0.0,Has joined West Ham on loan for the rest of the season,5.0
2026-09-09T14:00:24.027466+00:00,2026-27,4,227444,a,,,5.5
2026-09-09T14:00:24.027466+00:00,2026-27,4,575476,a,100.0,,5.5
2026-09-09T14:00:24.027466+00:00,2026-27,4,159506,a,,,4.5
2026-09-09T14:00:24.027466+00:00,2026-27,4,575458,a,,,4.5
2026-09-09T14:00:24.027466+00:00,2026-27,4,500151,i,0.0,Knee injury - Unknown return date,4.5
2026-09-09T14:00:24.027466+00:00,2026-27,4,204822,a,,,4.0
2026-09-09T14:00:24.027466+00:00,2026-27,4,549067,u,0.0,Has joined Southampton on loan for the rest of the season,4.0
2026-09-09T14:00:24.027466+00:00,2026-27,4,470315,a,,,4.5
2026-09-09T14:00:24.027466+00:00,2026-27,4,538638,u,0.0,Has joined Charlton Athletic on loan for the rest of the season,4.0
2026-09-09T14:00:24.027466+00:00,2026-27,4,222531,a,100.0,,7.9
2026-09-09T14:00:24.027466+00:00,2026-27,4,209046,a,100.0,,5.9
2026-09-09T14:00:24.027466+00:00,2026-27,4,456512,a,,,5.5
2026-09-09T14:00:24.027466+00:00,2026-27,4,503301,u,0.0,Has joined AC Milan on loan for the rest of the season,5.4
2026-09-09T14:00:24.027466+00:00,2026-27,4,476887,u,0.0,Has joined Lille on loan for the rest of the season,5.5
2026-09-09T14:00:24.027466+00:00,2026-27,4,432714,a,,,5.5
2026-09-09T14:00:24.027466+00:00,2026-27,4,250199,a,,,4.9
2026-09-09T14:00:24.027466+00:00,2026-27,4,210462,a,100.0,,4.9
2026-09-09T14:00:24.027466+00:00,2026-27,4,204968,a,100.0,,4.5
2026-09-09T14:00:24.027466+00:00,2026-27,4,60689,a,,,5.9
2026-09-09T14:00:24.027466+00:00,2026-27,4,482973,a,,,5.9
2026-09-09T14:00:24.027466+00:00,2026-27,4,465680,a,,,5.4
2026-09-09T14:00:24.027466+00:00,2026-27,4,204561,a,,,5.0
2026-09-09T14:00:24.027466+00:00,2026-27,4,568420,a,,,5.4
2026-09-09T14:00:24.027466+00:00,2026-27,4,428971,a,,,4.5
2026-09-09T14:00:24.027466+00:00,2026-27,4,469142,a,,,4.9
2026-09-09T14:00:24.027466+00:00,2026-27,4,109646,a,,,4.4
2026-09-09T14:00:24.027466+00:00,2026-27,4,438234,a,,,7.0
2026-09-09T14:00:24.027466+00:00,2026-27,4,510281,a,100.0,,6.5
2026-09-09T14:00:24.027466+00:00,2026-27,4,432422,a,,,5.4
2026-09-09T14:00:24.027466+00:00,2026-27,4,184254,u,0.0,Has joined Juventus on loan for the rest of the season,4.5
2026-09-09T14:00:24.027466+00:00,2026-27,4,214572,a,,,4.0
2026-09-09T14:00:24.027466+00:00,2026-27,4,485055,a,,,4.5
2026-09-09T14:00:24.027466+00:00,2026-27,4,67089,a,,,4.0
2026-09-09T14:00:24.027466+00:00,2026-27,4,221466,a,,,5.9
2026-09-09T14:00:24.027466+00:00,2026-27,4,441164,a,100.0,,5.5
2026-09-09T14:00:24.027466+00:00,2026-27,4,221632,u,0.0,Has joined Atletico Madrid permanently,5.0
2026-09-09T14:00:24.027466+00:00,2026-27,4,122798,a,,,4.5
2026-09-09T14:00:24.027466+00:00,2026-27,4,491279,a,100.0,,5.0
2026-09-09T14:00:24.027466+00:00,2026-27,4,232859,u,0.0,Has joined Internazionale permanently,4.5
2026-09-09T14:00:24.027466+00:00,2026-27,4,487053,a,,,4.5
2026-09-09T14:00:24.027466+00:00,2026-27,4,548308,u,0.0,Has joined Middlesbrough permanently,4.5
2026-09-09T14:00:24.027466+00:00,2026-27,4,115556,a,,,4.0
2026-09-09T14:00:24.027466+00:00,2026-27,4,640419,a,,,4.0
2026-09-09T14:00:24.027466+00:00,2026-27,4,499716,a,,,4.0
2026-09-09T14:00:24.027466+00:00,2026-27,4,616221,u,0.0,Has joined FC Porto on loan for the rest of the season,4.0
2026-09-09T14:00:24.027466+00:00,2026-27,4,460842,a,100.0,,6.5
2026-09-09T14:00:24.027466+00:00,2026-27,4,493362,i,0.0,Knee injury - Unknown return date,6.0
2026-09-09T14:00:24.027466+00:00,2026-27,4,511499,a,,,5.8
2026-09-09T14:00:24.027466+00:00,2026-27,4,172780,d,75.0,Shoulder injury - 75% chance of playing,6.3
2026-09-09T14:00:24.027466+00:00,2026-27,4,202993,a,,,5.5
2026-09-09T14:00:24.027466+00:00,2026-27,4,550839,i,0.0,Knee injury - Unknown return date,5.5
2026-09-09T14:00:24.027466+00:00,2026-27,4,482442,u,0.0,Has joined Juventus on loan for the rest of the season,4.9
2026-09-09T14:00:24.027466+00:00,2026-27,4,232787,a,,,5.4
2026-09-09T14:00:24.027466+00:00,2026-27,4,570526,a,,,5.4
2026-09-09T14:00:24.027466+00:00,2026-27,4,445044,i,0.0,Knee injury - Unknown return date,6.5
2026-09-09T14:00:24.027466+00:00,2026-27,4,547701,a,,,5.0
2026-09-09T14:00:24.027466+00:00,2026-27,4,499721,u,0.0,Has joined FC Köln on loan for the rest of the season,5.0
2026-09-09T14:00:24.027466+00:00,2026-27,4,499726,a,,,4.5
2026-09-09T14:00:24.027466+00:00,2026-27,4,551226,a,,,5.9
2026-09-09T14:00:24.027466+00:00,2026-27,4,154566,a,,,5.9
2026-09-09T14:00:24.027466+00:00,2026-27,4,212319,u,0.0,not included in squad.,5.9
2026-09-09T14:00:24.027466+00:00,2026-27,4,490145,u,0.0,Has joined Leyton Orient permanently,4.5
2026-09-09T14:00:24.027466+00:00,2026-27,4,465920,a,,,5.4
2026-09-09T14:00:24.027466+00:00,2026-27,4,611917,a,,,4.5
2026-09-09T14:00:24.027466+00:00,2026-27,4,135720,a,,,5.0
2026-09-09T14:00:24.027466+00:00,2026-27,4,498016,a,,,5.0
2026-09-09T14:00:24.027466+00:00,2026-27,4,232571,u,0.0,Has joined Wrexham permanently,4.0
2026-09-09T14:00:24.027466+00:00,2026-27,4,515046,a,,,4.5
2026-09-09T14:00:24.027466+00:00,2026-27,4,223827,a,,,4.9
2026-09-09T14:00:24.027466+00:00,2026-27,4,200834,a,100.0,,5.5
2026-09-09T14:00:24.027466+00:00,2026-27,4,487676,a,,,4.5
2026-09-09T14:00:24.027466+00:00,2026-27,4,201895,a,100.0,,4.9
2026-09-09T14:00:24.027466+00:00,2026-27,4,434399,a,,,4.5
2026-09-09T14:00:24.027466+00:00,2026-27,4,519634,u,0.0,Has joined Swansea City on loan for the rest of the season,4.5
2026-09-09T14:00:24.027466+00:00,2026-27,4,477547,u,0.0,Has joined KV Mechelen on loan for the rest of the season,4.0
2026-09-09T14:00:24.027466+00:00,2026-27,4,167512,a,,,4.0
2026-09-09T14:00:24.027466+00:00,2026-27,4,105717,u,0.0,Has joined Konyaspor permanently,4.0
2026-09-09T14:00:24.027466+00:00,2026-27,4,93605,a,100.0,,4.5
2026-09-09T14:00:24.027466+00:00,2026-27,4,484420,a,,,5.9
2026-09-09T14:00:24.027466+00:00,2026-27,4,547027,i,0.0,Hamstring injury - Unknown return date,5.4
2026-09-09T14:00:24.027466+00:00,2026-27,4,84450,a,,,5.5
2026-09-09T14:00:24.027466+00:00,2026-27,4,577669,a,,,5.0
2026-09-09T14:00:24.027466+00:00,2026-27,4,535818,u,0.0,Has joined Ajax on loan for the rest of the season,4.9
2026-09-09T14:00:24.027466+00:00,2026-27,4,461199,a,,,4.9
2026-09-09T14:00:24.027466+00:00,2026-27,4,554197,a,,,4.9
2026-09-09T14:00:24.027466+00:00,2026-27,4,549912,a,,,5.4
2026-09-09T14:00:24.027466+00:00,2026-27,4,699989,a,,,5.0
2026-09-09T14:00:24.027466+00:00,2026-27,4,536661,a,,,5.0
2026-09-09T14:00:24.027466+00:00,2026-27,4,441264,a,,,5.9
2026-09-09T14:00:24.027466+00:00,2026-27,4,437505,a,,,5.5
2026-09-09T14:00:24.027466+00:00,2026-27,4,638411,a,100.0,,4.5
2026-09-09T14:00:24.027466+00:00,2026-27,4,696104,a,,,4.5
2026-09-09T14:00:24.027466+00:00,2026-27,4,549940,a,,,5.5
2026-09-09T14:00:24.027466+00:00,2026-27,4,661313,a,,,4.5
