season,code,GW,match_id,minutes,ci_shots,ci_sot,ci_box_touches,ci_chances,ci_bcm,ci_recoveries,ci_goals_prevented,ci_xgot_faced,ci_def_actions,ci_started
2026-27,86873,1,26-27-prem-fulham-vs-chelsea,0.0,0.0,0.0,0.0,0.0,0.0,0.0,0.0,0.0,0.0,0
2026-27,167074,1,26-27-prem-fulham-vs-chelsea,0.0,0.0,0.0,0.0,0.0,0.0,0.0,0.0,0.0,0.0,0
2026-27,194010,1,26-27-prem-brentford-vs-tottenham-hotspur,0.0,0.0,0.0,0.0,0.0,0.0,0.0,0.0,0.0,0.0,0
2026-27,242313,1,26-27-prem-everton-vs-crystal-palace,0.0,0.0,0.0,0.0,0.0,0.0,0.0,0.0,0.0,0.0,0
2026-27,512462,1,26-27-prem-everton-vs-crystal-palace,0.0,0.0,0.0,0.0,0.0,0.0,0.0,0.0,0.0,0.0,0
2026-27,209289,1,26-27-prem-fulham-vs-chelsea,0.0,0.0,0.0,0.0,0.0,0.0,0.0,0.0,0.0,0.0,0
2026-27,436761,1,26-27-prem-arsenal-vs-coventry-city,0.0,0.0,0.0,0.0,0.0,0.0,0.0,0.0,0.0,0.0,0
2026-27,554197,1,26-27-prem-ipswich-town-vs-sunderland,10.0,0.0,0.0,0.0,0.0,0.0,1.0,0.0,0.0,0.0,0
2026-27,168144,1,26-27-prem-arsenal-vs-coventry-city,90.0,0.0,0.0,0.0,0.0,0.0,3.0,0.0,0.0,4.0,1
2026-27,122806,1,26-27-prem-brighton-hove-albion-vs-aston-villa,82.0,1.0,0.0,0.0,0.0,0.0,3.0,0.0,0.0,3.0,1
2026-27,437499,1,26-27-prem-fulham-vs-chelsea,90.0,0.0,0.0,1.0,1.0,0.0,2.0,0.0,0.0,12.0,1
2026-27,484420,1,26-27-prem-ipswich-town-vs-sunderland,80.0,0.0,0.0,0.0,0.0,0.0,1.0,0.0,0.0,1.0,1
2026-27,463936,1,26-27-prem-fulham-vs-chelsea,0.0,0.0,0.0,0.0,0.0,0.0,0.0,0.0,0.0,0.0,0
2026-27,110690,1,26-27-prem-arsenal-vs-coventry-city,0.0,0.0,0.0,0.0,0.0,0.0,0.0,0.0,0.0,0.0,0
2026-27,109745,1,26-27-prem-arsenal-vs-coventry-city,0.0,0.0,0.0,0.0,0.0,0.0,0.0,0.0,0.0,0.0,0
2026-27,184029,1,26-27-prem-arsenal-vs-coventry-city,76.0,3.0,1.0,6.0,3.0,0.0,4.0,0.0,0.0,4.0,1
2026-27,154561,1,26-27-prem-arsenal-vs-coventry-city,90.0,0.0,0.0,0.0,0.0,0.0,8.0,0.04,0.04,1.0,1
2026-27,224117,1,26-27-prem-arsenal-vs-coventry-city,0.0,0.0,0.0,0.0,0.0,0.0,0.0,0.0,0.0,0.0,0
2026-27,195384,1,26-27-prem-arsenal-vs-coventry-city,14.0,2.0,1.0,2.0,0.0,0.0,2.0,0.0,0.0,0.0,0
2026-27,210156,1,26-27-prem-arsenal-vs-coventry-city,20.0,0.0,0.0,0.0,0.0,0.0,1.0,0.0,0.0,0.0,0
2026-27,204480,1,26-27-prem-arsenal-vs-coventry-city,68.0,2.0,0.0,0.0,0.0,0.0,3.0,0.0,0.0,3.0,1
2026-27,196100,1,26-27-prem-arsenal-vs-coventry-city,8.0,0.0,0.0,0.0,0.0,0.0,1.0,0.0,0.0,0.0,0
2026-27,198869,1,26-27-prem-arsenal-vs-coventry-city,90.0,1.0,0.0,5.0,2.0,0.0,3.0,0.0,0.0,5.0,1
2026-27,230730,1,26-27-prem-arsenal-vs-coventry-city,70.0,0.0,0.0,0.0,0.0,0.0,1.0,0.0,0.0,5.0,1
2026-27,204813,1,26-27-prem-arsenal-vs-coventry-city,0.0,0.0,0.0,0.0,0.0,0.0,0.0,0.0,0.0,0.0,0
2026-27,232413,1,26-27-prem-arsenal-vs-coventry-city,14.0,1.0,0.0,0.0,0.0,0.0,2.0,0.0,0.0,0.0,0
2026-27,226965,1,26-27-prem-arsenal-vs-coventry-city,28.0,0.0,0.0,0.0,1.0,0.0,0.0,0.0,0.0,1.0,0
2026-27,428580,1,26-27-prem-arsenal-vs-coventry-city,90.0,0.0,0.0,0.0,0.0,0.0,5.0,0.0,0.0,4.0,1
2026-27,699989,1,26-27-prem-ipswich-town-vs-sunderland,0.0,0.0,0.0,0.0,0.0,0.0,0.0,0.0,0.0,0.0,0
2026-27,439668,1,26-27-prem-arsenal-vs-coventry-city,0.0,0.0,0.0,0.0,0.0,0.0,0.0,0.0,0.0,0.0,0
2026-27,501459,1,26-27-prem-arsenal-vs-coventry-city,0.0,0.0,0.0,0.0,0.0,0.0,0.0,0.0,0.0,0.0,0
2026-27,223340,1,26-27-prem-arsenal-vs-coventry-city,68.0,3.0,1.0,6.0,2.0,0.0,4.0,0.0,0.0,3.0,1
2026-27,218997,1,26-27-prem-arsenal-vs-coventry-city,70.0,0.0,0.0,1.0,1.0,0.0,2.0,0.0,0.0,1.0,1
2026-27,480457,1,26-27-prem-arsenal-vs-coventry-city,20.0,1.0,1.0,1.0,0.0,0.0,4.0,0.0,0.0,1.0,0
2026-27,481655,1,26-27-prem-arsenal-vs-coventry-city,22.0,0.0,0.0,0.0,0.0,0.0,2.0,0.0,0.0,1.0,0
2026-27,451284,1,26-27-prem-arsenal-vs-coventry-city,90.0,0.0,0.0,1.0,0.0,0.0,3.0,0.0,0.0,7.0,1
2026-27,248857,1,26-27-prem-arsenal-vs-coventry-city,22.0,0.0,0.0,0.0,4.0,0.0,2.0,0.0,0.0,0.0,0
2026-27,466075,1,26-27-prem-arsenal-vs-coventry-city,81.0,1.0,0.0,1.0,1.0,0.0,1.0,0.0,0.0,5.0,1
2026-27,439509,1,26-27-prem-arsenal-vs-coventry-city,76.0,4.0,2.0,8.0,3.0,0.0,3.0,0.0,0.0,3.0,1
2026-27,149484,1,26-27-prem-brighton-hove-albion-vs-aston-villa,16.0,0.0,0.0,0.0,0.0,0.0,0.0,0.0,0.0,1.0,0
2026-27,461102,1,26-27-prem-arsenal-vs-coventry-city,90.0,1.0,0.0,0.0,1.0,0.0,2.0,0.0,0.0,10.0,1
2026-27,448104,1,26-27-prem-arsenal-vs-coventry-city,9.0,0.0,0.0,0.0,0.0,0.0,0.0,0.0,0.0,0.0,0
2026-27,472739,1,26-27-prem-arsenal-vs-coventry-city,90.0,0.0,0.0,0.0,0.0,0.0,7.0,-0.56,2.44,1.0,1
2026-27,507433,1,26-27-prem-brentford-vs-tottenham-hotspur,0.0,0.0,0.0,0.0,0.0,0.0,0.0,0.0,0.0,0.0,0
2026-27,499175,1,26-27-prem-arsenal-vs-coventry-city,0.0,0.0,0.0,0.0,0.0,0.0,0.0,0.0,0.0,0.0,0
2026-27,226944,1,26-27-prem-brighton-hove-albion-vs-aston-villa,90.0,0.0,0.0,0.0,0.0,0.0,2.0,0.0,0.0,5.0,1
2026-27,616077,1,26-27-prem-arsenal-vs-coventry-city,0.0,0.0,0.0,0.0,0.0,0.0,0.0,0.0,0.0,0.0,0
2026-27,661888,1,26-27-prem-arsenal-vs-coventry-city,62.0,0.0,0.0,0.0,0.0,0.0,3.0,0.0,0.0,0.0,1
2026-27,539142,1,26-27-prem-arsenal-vs-coventry-city,90.0,0.0,0.0,0.0,0.0,0.0,4.0,0.0,0.0,9.0,1
2026-27,469272,1,26-27-prem-arsenal-vs-coventry-city,82.0,2.0,0.0,0.0,0.0,0.0,5.0,0.0,0.0,3.0,1
2026-27,500040,1,26-27-prem-arsenal-vs-coventry-city,90.0,0.0,0.0,0.0,0.0,0.0,3.0,0.0,0.0,6.0,1
2026-27,454490,1,26-27-prem-brighton-hove-albion-vs-aston-villa,0.0,0.0,0.0,0.0,0.0,0.0,0.0,0.0,0.0,0.0,0
2026-27,489639,1,26-27-prem-brighton-hove-albion-vs-aston-villa,90.0,0.0,0.0,0.0,0.0,0.0,4.0,0.0,0.0,0.0,1
2026-27,441302,1,26-27-prem-brighton-hove-albion-vs-aston-villa,82.0,1.0,0.0,1.0,0.0,0.0,2.0,0.0,0.0,9.0,1
2026-27,487053,1,26-27-prem-brentford-vs-tottenham-hotspur,4.0,0.0,0.0,0.0,0.0,0.0,2.0,0.0,0.0,0.0,0
2026-27,166477,1,26-27-prem-fulham-vs-chelsea,90.0,1.0,1.0,4.0,2.0,0.0,4.0,0.0,0.0,6.0,1
2026-27,80201,1,26-27-prem-fulham-vs-chelsea,90.0,0.0,0.0,0.0,0.0,0.0,9.0,-0.98,2.02,1.0,1
2026-27,50175,1,26-27-prem-fulham-vs-chelsea,0.0,0.0,0.0,0.0,0.0,0.0,0.0,0.0,0.0,0.0,0
2026-27,610799,1,26-27-prem-brighton-hove-albion-vs-aston-villa,90.0,2.0,0.0,3.0,0.0,0.0,2.0,0.0,0.0,4.0,1
2026-27,216051,1,26-27-prem-hull-city-vs-manchester-united,10.0,0.0,0.0,0.0,1.0,0.0,1.0,0.0,0.0,3.0,0
2026-27,207189,1,26-27-prem-fulham-vs-chelsea,73.0,1.0,0.0,2.0,2.0,0.0,2.0,0.0,0.0,2.0,1
2026-27,647850,1,26-27-prem-brighton-hove-albion-vs-aston-villa,26.0,2.0,0.0,3.0,0.0,0.0,1.0,0.0,0.0,1.0,0
2026-27,221820,1,26-27-prem-hull-city-vs-manchester-united,0.0,0.0,0.0,0.0,0.0,0.0,0.0,0.0,0.0,0.0,0
2026-27,153366,1,26-27-prem-fulham-vs-chelsea,0.0,0.0,0.0,0.0,0.0,0.0,0.0,0.0,0.0,0.0,0
2026-27,153133,1,26-27-prem-fulham-vs-chelsea,90.0,0.0,0.0,0.0,0.0,0.0,6.0,0.0,0.0,4.0,1
2026-27,243413,1,26-27-prem-hull-city-vs-manchester-united,90.0,0.0,0.0,0.0,1.0,0.0,2.0,0.0,0.0,1.0,1
2026-27,111234,1,26-27-prem-everton-vs-crystal-palace,90.0,0.0,0.0,0.0,0.0,0.0,12.0,0.94,0.94,0.0,1
2026-27,225796,1,26-27-prem-fulham-vs-chelsea,90.0,2.0,1.0,1.0,1.0,0.0,4.0,0.0,0.0,6.0,1
2026-27,458249,1,26-27-prem-hull-city-vs-manchester-united,0.0,0.0,0.0,0.0,0.0,0.0,0.0,0.0,0.0,0.0,0
2026-27,184349,1,26-27-prem-fulham-vs-chelsea,17.0,1.0,1.0,2.0,0.0,0.0,1.0,0.0,0.0,1.0,0
2026-27,215059,1,26-27-prem-fulham-vs-chelsea,90.0,0.0,0.0,0.0,0.0,0.0,5.0,-0.83,1.17,1.0,1
2026-27,550864,1,26-27-prem-hull-city-vs-manchester-united,0.0,0.0,0.0,0.0,0.0,0.0,0.0,0.0,0.0,0.0,0
2026-27,215413,1,26-27-prem-everton-vs-crystal-palace,89.0,3.0,1.0,4.0,2.0,0.0,5.0,0.0,0.0,3.0,1
2026-27,224967,1,26-27-prem-everton-vs-crystal-palace,90.0,0.0,0.0,1.0,1.0,0.0,4.0,0.0,0.0,4.0,1
2026-27,246301,1,26-27-prem-fulham-vs-chelsea,90.0,0.0,0.0,0.0,2.0,0.0,3.0,0.0,0.0,10.0,1
2026-27,516895,1,26-27-prem-hull-city-vs-manchester-united,23.0,1.0,0.0,0.0,0.0,0.0,1.0,0.0,0.0,0.0,0
2026-27,576628,1,26-27-prem-hull-city-vs-manchester-united,10.0,0.0,0.0,0.0,0.0,0.0,1.0,0.0,0.0,0.0,0
2026-27,606930,1,26-27-prem-hull-city-vs-manchester-united,64.0,1.0,1.0,1.0,0.0,0.0,2.0,0.0,0.0,13.0,1
2026-27,106611,1,26-27-prem-everton-vs-crystal-palace,0.0,0.0,0.0,0.0,0.0,0.0,0.0,0.0,0.0,0.0,0
2026-27,232892,1,26-27-prem-fulham-vs-chelsea,90.0,1.0,0.0,0.0,0.0,0.0,4.0,0.0,0.0,4.0,1
2026-27,532605,1,26-27-prem-hull-city-vs-manchester-united,67.0,0.0,0.0,1.0,0.0,0.0,5.0,0.0,0.0,4.0,1
2026-27,247632,1,26-27-prem-fulham-vs-chelsea,14.0,1.0,0.0,1.0,0.0,0.0,3.0,0.0,0.0,1.0,0
2026-27,232928,1,26-27-prem-everton-vs-crystal-palace,11.0,0.0,0.0,1.0,1.0,0.0,0.0,0.0,0.0,1.0,0
2026-27,432830,1,26-27-prem-brentford-vs-tottenham-hotspur,90.0,2.0,0.0,6.0,2.0,0.0,3.0,0.0,0.0,3.0,1
2026-27,552946,1,26-27-prem-hull-city-vs-manchester-united,0.0,0.0,0.0,0.0,0.0,0.0,0.0,0.0,0.0,0.0,0
2026-27,244850,1,26-27-prem-fulham-vs-chelsea,82.0,3.0,1.0,5.0,5.0,0.0,5.0,0.0,0.0,2.0,1
2026-27,572584,1,26-27-prem-ipswich-town-vs-sunderland,10.0,0.0,0.0,0.0,1.0,0.0,0.0,0.0,0.0,2.0,0
2026-27,54469,1,26-27-prem-manchester-city-vs-afc-bournemouth,90.0,0.0,0.0,0.0,0.0,0.0,3.0,0.0,0.0,5.0,1
2026-27,593117,1,26-27-prem-fulham-vs-chelsea,8.0,0.0,0.0,1.0,0.0,0.0,0.0,0.0,0.0,1.0,0
2026-27,67089,1,26-27-prem-brentford-vs-tottenham-hotspur,0.0,0.0,0.0,0.0,0.0,0.0,0.0,0.0,0.0,0.0,0
2026-27,466525,1,26-27-prem-nottingham-forest-vs-leeds-united,90.0,3.0,1.0,3.0,0.0,0.0,5.0,0.0,0.0,11.0,1
2026-27,435997,1,26-27-prem-nottingham-forest-vs-leeds-united,24.0,0.0,0.0,2.0,1.0,0.0,2.0,0.0,0.0,3.0,0
2026-27,434752,1,26-27-prem-nottingham-forest-vs-leeds-united,90.0,2.0,0.0,3.0,0.0,0.0,5.0,0.0,0.0,12.0,1
2026-27,463210,1,26-27-prem-fulham-vs-chelsea,23.0,0.0,0.0,0.0,0.0,0.0,2.0,0.0,0.0,1.0,0
2026-27,560552,1,26-27-prem-fulham-vs-chelsea,17.0,0.0,0.0,0.0,0.0,0.0,1.0,0.0,0.0,2.0,0
2026-27,514356,1,26-27-prem-fulham-vs-chelsea,65.0,1.0,1.0,1.0,2.0,0.0,4.0,0.0,0.0,5.0,1
2026-27,543158,1,26-27-prem-fulham-vs-chelsea,0.0,0.0,0.0,0.0,0.0,0.0,0.0,0.0,0.0,0.0,0
2026-27,180135,1,26-27-prem-nottingham-forest-vs-leeds-united,8.0,0.0,0.0,0.0,0.0,0.0,0.0,0.0,0.0,0.0,0
2026-27,210462,1,26-27-prem-nottingham-forest-vs-leeds-united,90.0,1.0,0.0,1.0,1.0,0.0,3.0,0.0,0.0,3.0,1
2026-27,226182,1,26-27-prem-nottingham-forest-vs-leeds-united,90.0,0.0,0.0,0.0,0.0,0.0,3.0,0.0,0.0,3.0,1
2026-27,438234,1,26-27-prem-manchester-city-vs-afc-bournemouth,0.0,0.0,0.0,0.0,0.0,0.0,0.0,0.0,0.0,0.0,0
2026-27,250199,1,26-27-prem-nottingham-forest-vs-leeds-united,0.0,0.0,0.0,0.0,0.0,0.0,0.0,0.0,0.0,0.0,0
2026-27,465680,1,26-27-prem-nottingham-forest-vs-leeds-united,1.0,0.0,0.0,0.0,0.0,0.0,0.0,0.0,0.0,0.0,0
2026-27,427637,1,26-27-prem-nottingham-forest-vs-leeds-united,82.0,1.0,1.0,0.0,0.0,0.0,6.0,0.0,0.0,1.0,1
2026-27,108413,1,26-27-prem-everton-vs-crystal-palace,0.0,0.0,0.0,0.0,0.0,0.0,0.0,0.0,0.0,0.0,0
2026-27,482609,1,26-27-prem-fulham-vs-chelsea,76.0,0.0,0.0,3.0,0.0,0.0,4.0,0.0,0.0,3.0,1
2026-27,549939,1,26-27-prem-fulham-vs-chelsea,0.0,0.0,0.0,0.0,0.0,0.0,0.0,0.0,0.0,0.0,0
2026-27,209046,1,26-27-prem-nottingham-forest-vs-leeds-united,0.0,0.0,0.0,0.0,0.0,0.0,0.0,0.0,0.0,0.0,0
2026-27,456512,1,26-27-prem-nottingham-forest-vs-leeds-united,62.0,0.0,0.0,0.0,0.0,0.0,1.0,0.0,0.0,2.0,1
2026-27,174594,1,26-27-prem-nottingham-forest-vs-leeds-united,0.0,0.0,0.0,0.0,0.0,0.0,0.0,0.0,0.0,0.0,0
2026-27,248056,1,26-27-prem-nottingham-forest-vs-leeds-united,0.0,0.0,0.0,0.0,0.0,0.0,0.0,0.0,0.0,0.0,0
2026-27,457569,1,26-27-prem-manchester-city-vs-afc-bournemouth,90.0,0.0,0.0,0.0,0.0,0.0,5.0,0.68,2.68,2.0,1
2026-27,75115,1,26-27-prem-brentford-vs-tottenham-hotspur,7.0,1.0,0.0,1.0,1.0,0.0,0.0,0.0,0.0,0.0,0
2026-27,172780,1,26-27-prem-brentford-vs-tottenham-hotspur,22.0,0.0,0.0,4.0,0.0,0.0,1.0,0.0,0.0,1.0,0
2026-27,191866,1,26-27-prem-brentford-vs-tottenham-hotspur,90.0,1.0,1.0,2.0,0.0,0.0,3.0,0.0,0.0,10.0,1
2026-27,91651,1,26-27-prem-manchester-city-vs-afc-bournemouth,27.0,0.0,0.0,0.0,0.0,0.0,2.0,0.0,0.0,0.0,0
2026-27,115556,1,26-27-prem-brentford-vs-tottenham-hotspur,0.0,0.0,0.0,0.0,0.0,0.0,0.0,0.0,0.0,0.0,0
2026-27,463981,1,26-27-prem-manchester-city-vs-afc-bournemouth,90.0,0.0,0.0,0.0,0.0,0.0,1.0,0.0,0.0,6.0,1
2026-27,106921,1,26-27-prem-manchester-city-vs-afc-bournemouth,0.0,0.0,0.0,0.0,0.0,0.0,0.0,0.0,0.0,0.0,0
2026-27,122798,1,26-27-prem-brentford-vs-tottenham-hotspur,90.0,0.0,0.0,1.0,1.0,0.0,3.0,0.0,0.0,11.0,1
2026-27,114283,1,26-27-prem-manchester-city-vs-afc-bournemouth,8.0,0.0,0.0,0.0,0.0,0.0,0.0,0.0,0.0,1.0,0
2026-27,242882,1,26-27-prem-manchester-city-vs-afc-bournemouth,0.0,0.0,0.0,0.0,0.0,0.0,0.0,0.0,0.0,0.0,0
2026-27,494521,1,26-27-prem-manchester-city-vs-afc-bournemouth,90.0,0.0,0.0,0.0,0.0,0.0,7.0,0.0,0.0,7.0,1
2026-27,95658,1,26-27-prem-hull-city-vs-manchester-united,90.0,2.0,1.0,5.0,2.0,0.0,5.0,0.0,0.0,4.0,1
2026-27,494928,1,26-27-prem-manchester-city-vs-afc-bournemouth,0.0,0.0,0.0,0.0,0.0,0.0,0.0,0.0,0.0,0.0,0
2026-27,101282,1,26-27-prem-hull-city-vs-manchester-united,90.0,0.0,0.0,0.0,0.0,0.0,1.0,0.0,0.0,8.0,1
2026-27,108416,1,26-27-prem-hull-city-vs-manchester-united,90.0,0.0,0.0,1.0,0.0,0.0,3.0,0.0,0.0,21.0,1
2026-27,106760,1,26-27-prem-hull-city-vs-manchester-united,90.0,0.0,0.0,3.0,4.0,0.0,3.0,0.0,0.0,4.0,1
2026-27,503139,1,26-27-prem-manchester-city-vs-afc-bournemouth,90.0,0.0,0.0,0.0,0.0,0.0,6.0,0.0,0.0,5.0,1
2026-27,146426,1,26-27-prem-hull-city-vs-manchester-united,64.0,1.0,1.0,2.0,0.0,0.0,3.0,0.0,0.0,7.0,1
2026-27,465694,1,26-27-prem-manchester-city-vs-afc-bournemouth,0.0,0.0,0.0,0.0,0.0,0.0,0.0,0.0,0.0,0.0,0
2026-27,155408,1,26-27-prem-manchester-city-vs-afc-bournemouth,75.0,0.0,0.0,0.0,0.0,0.0,3.0,0.0,0.0,4.0,1
2026-27,17761,1,26-27-prem-everton-vs-crystal-palace,90.0,1.0,0.0,1.0,0.0,0.0,4.0,0.0,0.0,9.0,1
2026-27,59735,1,26-27-prem-hull-city-vs-manchester-united,0.0,0.0,0.0,0.0,0.0,0.0,0.0,0.0,0.0,0.0,0
2026-27,223094,1,26-27-prem-manchester-city-vs-afc-bournemouth,90.0,5.0,2.0,7.0,0.0,0.0,3.0,0.0,0.0,0.0,1
2026-27,167825,1,26-27-prem-hull-city-vs-manchester-united,0.0,0.0,0.0,0.0,0.0,0.0,0.0,0.0,0.0,0.0,0
2026-27,201658,1,26-27-prem-manchester-city-vs-afc-bournemouth,90.0,2.0,1.0,1.0,1.0,0.0,4.0,0.0,0.0,4.0,1
2026-27,222683,1,26-27-prem-manchester-city-vs-afc-bournemouth,75.0,1.0,1.0,1.0,1.0,0.0,5.0,0.0,0.0,4.0,1
2026-27,209244,1,26-27-prem-manchester-city-vs-afc-bournemouth,82.0,2.0,0.0,5.0,2.0,0.0,3.0,0.0,0.0,3.0,1
2026-27,469266,1,26-27-prem-hull-city-vs-manchester-united,0.0,0.0,0.0,0.0,0.0,0.0,0.0,0.0,0.0,0.0,0
2026-27,244954,1,26-27-prem-brighton-hove-albion-vs-aston-villa,74.0,0.0,0.0,0.0,0.0,0.0,1.0,0.0,0.0,5.0,1
2026-27,487992,1,26-27-prem-brighton-hove-albion-vs-aston-villa,8.0,0.0,0.0,0.0,0.0,0.0,0.0,0.0,0.0,2.0,0
2026-27,167512,1,26-27-prem-ipswich-town-vs-sunderland,67.0,1.0,0.0,1.0,0.0,0.0,4.0,0.0,0.0,5.0,1
2026-27,614574,1,26-27-prem-manchester-city-vs-afc-bournemouth,15.0,0.0,0.0,0.0,0.0,0.0,1.0,0.0,0.0,1.0,0
2026-27,496208,1,26-27-prem-manchester-city-vs-afc-bournemouth,1.0,0.0,0.0,1.0,0.0,0.0,1.0,0.0,0.0,0.0,0
2026-27,84450,1,26-27-prem-ipswich-town-vs-sunderland,90.0,0.0,0.0,0.0,2.0,0.0,8.0,0.0,0.0,5.0,1
2026-27,477064,1,26-27-prem-manchester-city-vs-afc-bournemouth,57.0,1.0,1.0,4.0,0.0,0.0,0.0,0.0,0.0,2.0,1
2026-27,578153,1,26-27-prem-manchester-city-vs-afc-bournemouth,90.0,0.0,0.0,0.0,0.0,0.0,6.0,0.0,0.0,4.0,1
2026-27,561245,1,26-27-prem-manchester-city-vs-afc-bournemouth,0.0,0.0,0.0,0.0,0.0,0.0,0.0,0.0,0.0,0.0,0
2026-27,483067,1,26-27-prem-manchester-city-vs-afc-bournemouth,90.0,0.0,0.0,0.0,0.0,0.0,1.0,0.0,0.0,13.0,1
2026-27,472769,1,26-27-prem-manchester-city-vs-afc-bournemouth,63.0,1.0,0.0,3.0,1.0,0.0,5.0,0.0,0.0,2.0,1
2026-27,222694,1,26-27-prem-brighton-hove-albion-vs-aston-villa,0.0,0.0,0.0,0.0,0.0,0.0,0.0,0.0,0.0,0.0,0
2026-27,204120,1,26-27-prem-brighton-hove-albion-vs-aston-villa,90.0,0.0,0.0,3.0,0.0,0.0,4.0,0.0,0.0,6.0,1
2026-27,147675,1,26-27-prem-ipswich-town-vs-sunderland,24.0,0.0,0.0,1.0,0.0,0.0,2.0,0.0,0.0,1.0,0
2026-27,434399,1,26-27-prem-ipswich-town-vs-sunderland,90.0,0.0,0.0,2.0,2.0,0.0,5.0,0.0,0.0,8.0,1
2026-27,463067,1,26-27-prem-brighton-hove-albion-vs-aston-villa,90.0,2.0,0.0,6.0,1.0,0.0,4.0,0.0,0.0,3.0,1
2026-27,108813,1,26-27-prem-ipswich-town-vs-sunderland,0.0,0.0,0.0,0.0,0.0,0.0,0.0,0.0,0.0,0.0,0
2026-27,199796,1,26-27-prem-brighton-hove-albion-vs-aston-villa,90.0,0.0,0.0,0.0,0.0,0.0,0.0,0.0,0.0,7.0,1
2026-27,93605,1,26-27-prem-ipswich-town-vs-sunderland,90.0,2.0,1.0,1.0,0.0,0.0,3.0,0.0,0.0,4.0,1
2026-27,467779,1,26-27-prem-brighton-hove-albion-vs-aston-villa,78.0,1.0,0.0,2.0,2.0,0.0,5.0,0.0,0.0,8.0,1
2026-27,433969,1,26-27-prem-brighton-hove-albion-vs-aston-villa,0.0,0.0,0.0,0.0,0.0,0.0,0.0,0.0,0.0,0.0,0
2026-27,212314,1,26-27-prem-ipswich-town-vs-sunderland,90.0,0.0,0.0,1.0,1.0,0.0,3.0,0.0,0.0,3.0,1
2026-27,209036,1,26-27-prem-manchester-city-vs-afc-bournemouth,90.0,2.0,1.0,4.0,1.0,0.0,4.0,0.0,0.0,4.0,1
2026-27,515597,1,26-27-prem-brighton-hove-albion-vs-aston-villa,16.0,0.0,0.0,0.0,0.0,0.0,0.0,0.0,0.0,1.0,0
2026-27,183015,1,26-27-prem-ipswich-town-vs-sunderland,0.0,0.0,0.0,0.0,0.0,0.0,0.0,0.0,0.0,0.0,0
2026-27,461199,1,26-27-prem-ipswich-town-vs-sunderland,0.0,0.0,0.0,0.0,0.0,0.0,0.0,0.0,0.0,0.0,0
2026-27,200720,1,26-27-prem-brentford-vs-tottenham-hotspur,90.0,0.0,0.0,0.0,0.0,0.0,5.0,0.61,0.61,0.0,1
2026-27,202993,1,26-27-prem-brentford-vs-tottenham-hotspur,45.0,0.0,0.0,0.0,1.0,0.0,2.0,0.0,0.0,3.0,0
2026-27,472713,1,26-27-prem-brentford-vs-tottenham-hotspur,14.0,0.0,0.0,0.0,0.0,0.0,2.0,0.0,0.0,0.0,0
2026-27,201895,1,26-27-prem-ipswich-town-vs-sunderland,23.0,0.0,0.0,0.0,0.0,0.0,2.0,0.0,0.0,0.0,0
2026-27,437505,1,26-27-prem-ipswich-town-vs-sunderland,23.0,0.0,0.0,0.0,0.0,0.0,0.0,0.0,0.0,0.0,0
2026-27,221466,1,26-27-prem-brentford-vs-tottenham-hotspur,90.0,0.0,0.0,0.0,0.0,0.0,2.0,0.0,0.0,16.0,1
2026-27,240514,1,26-27-prem-ipswich-town-vs-sunderland,90.0,0.0,0.0,0.0,0.0,0.0,10.0,-0.65,0.35,1.0,1
2026-27,465351,1,26-27-prem-manchester-city-vs-afc-bournemouth,33.0,0.0,0.0,2.0,0.0,0.0,2.0,0.0,0.0,1.0,0
2026-27,437730,1,26-27-prem-manchester-city-vs-afc-bournemouth,90.0,1.0,1.0,8.0,0.0,0.0,4.0,0.0,0.0,1.0,1
2026-27,493105,1,26-27-prem-brighton-hove-albion-vs-aston-villa,4.0,0.0,0.0,0.0,0.0,0.0,0.0,0.0,0.0,0.0,0
2026-27,440089,1,26-27-prem-brentford-vs-tottenham-hotspur,14.0,0.0,0.0,0.0,2.0,0.0,3.0,0.0,0.0,1.0,0
2026-27,448514,1,26-27-prem-manchester-city-vs-afc-bournemouth,0.0,0.0,0.0,0.0,0.0,0.0,0.0,0.0,0.0,0.0,0
2026-27,448089,1,26-27-prem-brighton-hove-albion-vs-aston-villa,40.0,0.0,0.0,0.0,1.0,0.0,2.0,0.0,0.0,5.0,1
2026-27,432422,1,26-27-prem-brentford-vs-tottenham-hotspur,90.0,2.0,1.0,0.0,0.0,0.0,3.0,0.0,0.0,1.0,1
2026-27,232787,1,26-27-prem-brentford-vs-tottenham-hotspur,45.0,1.0,0.0,0.0,0.0,0.0,2.0,0.0,0.0,1.0,1
2026-27,154566,1,26-27-prem-brentford-vs-tottenham-hotspur,22.0,1.0,0.0,1.0,0.0,0.0,0.0,0.0,0.0,0.0,0
2026-27,469142,1,26-27-prem-brentford-vs-tottenham-hotspur,90.0,0.0,0.0,1.0,0.0,0.0,3.0,0.0,0.0,9.0,1
2026-27,216616,1,26-27-prem-ipswich-town-vs-sunderland,90.0,0.0,0.0,1.0,2.0,0.0,6.0,0.0,0.0,18.0,1
2026-27,653481,1,26-27-prem-brighton-hove-albion-vs-aston-villa,8.0,0.0,0.0,0.0,0.0,0.0,1.0,0.0,0.0,2.0,0
2026-27,249231,1,26-27-prem-brentford-vs-tottenham-hotspur,90.0,2.0,1.0,1.0,1.0,0.0,5.0,0.0,0.0,5.0,1
2026-27,153682,1,26-27-prem-nottingham-forest-vs-leeds-united,66.0,0.0,0.0,2.0,1.0,0.0,0.0,0.0,0.0,2.0,1
2026-27,159506,1,26-27-prem-nottingham-forest-vs-leeds-united,74.0,2.0,1.0,1.0,3.0,0.0,4.0,0.0,0.0,2.0,1
2026-27,222531,1,26-27-prem-nottingham-forest-vs-leeds-united,90.0,3.0,0.0,6.0,0.0,0.0,2.0,0.0,0.0,1.0,1
2026-27,214225,1,26-27-prem-nottingham-forest-vs-leeds-united,90.0,1.0,0.0,1.0,1.0,0.0,1.0,0.0,0.0,7.0,1
2026-27,60689,1,26-27-prem-nottingham-forest-vs-leeds-united,28.0,1.0,0.0,1.0,0.0,0.0,1.0,0.0,0.0,0.0,0
2026-27,440993,1,26-27-prem-everton-vs-crystal-palace,90.0,2.0,2.0,9.0,3.0,0.0,8.0,0.0,0.0,4.0,1
2026-27,700308,1,26-27-prem-brighton-hove-albion-vs-aston-villa,12.0,0.0,0.0,0.0,0.0,0.0,0.0,0.0,0.0,0.0,0
2026-27,508395,1,26-27-prem-brentford-vs-tottenham-hotspur,23.0,1.0,0.0,1.0,0.0,0.0,3.0,0.0,0.0,3.0,0
2026-27,173774,1,26-27-prem-nottingham-forest-vs-leeds-united,0.0,0.0,0.0,0.0,0.0,0.0,0.0,0.0,0.0,0.0,0
2026-27,85633,1,26-27-prem-nottingham-forest-vs-leeds-united,90.0,0.0,0.0,0.0,0.0,0.0,9.0,-0.47,0.53,0.0,1
2026-27,177815,1,26-27-prem-nottingham-forest-vs-leeds-united,90.0,3.0,0.0,2.0,0.0,0.0,2.0,0.0,0.0,0.0,1
2026-27,220627,1,26-27-prem-nottingham-forest-vs-leeds-united,90.0,0.0,0.0,1.0,0.0,0.0,4.0,0.0,0.0,12.0,1
2026-27,227444,1,26-27-prem-nottingham-forest-vs-leeds-united,90.0,2.0,0.0,5.0,0.0,0.0,6.0,0.0,0.0,7.0,1
2026-27,201595,1,26-27-prem-nottingham-forest-vs-leeds-united,0.0,0.0,0.0,0.0,0.0,0.0,0.0,0.0,0.0,0.0,0
2026-27,200617,1,26-27-prem-nottingham-forest-vs-leeds-united,0.0,0.0,0.0,0.0,0.0,0.0,0.0,0.0,0.0,0.0,0
2026-27,199598,1,26-27-prem-nottingham-forest-vs-leeds-united,90.0,0.0,0.0,0.0,2.0,0.0,5.0,0.0,0.0,8.0,1
2026-27,485337,1,26-27-prem-everton-vs-crystal-palace,27.0,1.0,1.0,0.0,0.0,0.0,0.0,0.0,0.0,1.0,0
2026-27,513418,1,26-27-prem-brentford-vs-tottenham-hotspur,90.0,5.0,2.0,8.0,1.0,0.0,5.0,0.0,0.0,4.0,1
2026-27,444180,1,26-27-prem-brentford-vs-tottenham-hotspur,23.0,1.0,0.0,0.0,3.0,0.0,6.0,0.0,0.0,2.0,0
2026-27,215136,1,26-27-prem-nottingham-forest-vs-leeds-united,90.0,0.0,0.0,3.0,0.0,0.0,10.0,0.0,0.0,6.0,1
2026-27,221389,1,26-27-prem-nottingham-forest-vs-leeds-united,0.0,0.0,0.0,0.0,0.0,0.0,0.0,0.0,0.0,0.0,0
2026-27,204561,1,26-27-prem-nottingham-forest-vs-leeds-united,16.0,0.0,0.0,1.0,0.0,0.0,1.0,0.0,0.0,0.0,0
2026-27,645618,1,26-27-prem-brighton-hove-albion-vs-aston-villa,0.0,0.0,0.0,0.0,0.0,0.0,0.0,0.0,0.0,0.0,0
2026-27,577285,1,26-27-prem-brighton-hove-albion-vs-aston-villa,90.0,0.0,0.0,1.0,1.0,0.0,2.0,0.0,0.0,3.0,1
2026-27,160817,1,26-27-prem-hull-city-vs-manchester-united,26.0,0.0,0.0,0.0,0.0,0.0,1.0,0.0,0.0,2.0,0
2026-27,550615,1,26-27-prem-everton-vs-crystal-palace,84.0,5.0,0.0,7.0,2.0,0.0,4.0,0.0,0.0,3.0,1
2026-27,465247,1,26-27-prem-hull-city-vs-manchester-united,90.0,0.0,0.0,0.0,0.0,0.0,8.0,-0.07,1.93,2.0,1
2026-27,473284,1,26-27-prem-hull-city-vs-manchester-united,90.0,0.0,0.0,0.0,0.0,0.0,22.0,0.6,0.6,0.0,1
2026-27,446008,1,26-27-prem-hull-city-vs-manchester-united,90.0,4.0,2.0,7.0,1.0,0.0,4.0,0.0,0.0,0.0,1
2026-27,540324,1,26-27-prem-hull-city-vs-manchester-united,90.0,2.0,0.0,2.0,0.0,0.0,3.0,0.0,0.0,7.0,1
2026-27,433154,1,26-27-prem-everton-vs-crystal-palace,63.0,1.0,0.0,0.0,0.0,0.0,2.0,0.0,0.0,3.0,1
2026-27,544877,1,26-27-prem-newcastle-united-vs-liverpool,90.0,2.0,1.0,2.0,1.0,0.0,3.0,0.0,0.0,7.0,1
2026-27,608227,1,26-27-prem-hull-city-vs-manchester-united,71.0,0.0,0.0,0.0,0.0,0.0,2.0,0.0,0.0,4.0,1
2026-27,513545,1,26-27-prem-brentford-vs-tottenham-hotspur,76.0,1.0,1.0,3.0,2.0,0.0,7.0,0.0,0.0,6.0,1
2026-27,215379,1,26-27-prem-manchester-city-vs-afc-bournemouth,63.0,0.0,0.0,0.0,1.0,0.0,3.0,0.0,0.0,3.0,1
2026-27,209400,1,26-27-prem-everton-vs-crystal-palace,90.0,0.0,0.0,0.0,2.0,0.0,8.0,0.0,0.0,6.0,1
2026-27,485711,1,26-27-prem-hull-city-vs-manchester-united,23.0,1.0,0.0,3.0,0.0,0.0,0.0,0.0,0.0,0.0,0
2026-27,533463,1,26-27-prem-brentford-vs-tottenham-hotspur,67.0,2.0,0.0,6.0,2.0,0.0,4.0,0.0,0.0,2.0,1
2026-27,511499,1,26-27-prem-brentford-vs-tottenham-hotspur,90.0,2.0,0.0,3.0,2.0,0.0,7.0,0.0,0.0,1.0,1
2026-27,121709,1,26-27-prem-everton-vs-crystal-palace,0.0,0.0,0.0,0.0,0.0,0.0,0.0,0.0,0.0,0.0,0
2026-27,223723,1,26-27-prem-everton-vs-crystal-palace,18.0,0.0,0.0,0.0,0.0,0.0,1.0,0.0,0.0,1.0,0
2026-27,244860,1,26-27-prem-everton-vs-crystal-palace,79.0,1.0,0.0,1.0,1.0,0.0,4.0,0.0,0.0,3.0,1
2026-27,449434,1,26-27-prem-newcastle-united-vs-liverpool,76.0,2.0,2.0,3.0,0.0,0.0,1.0,0.0,0.0,1.0,1
2026-27,171270,1,26-27-prem-hull-city-vs-manchester-united,0.0,0.0,0.0,0.0,0.0,0.0,0.0,0.0,0.0,0.0,0
2026-27,218364,1,26-27-prem-everton-vs-crystal-palace,0.0,0.0,0.0,0.0,0.0,0.0,0.0,0.0,0.0,0.0,0
2026-27,169359,1,26-27-prem-hull-city-vs-manchester-united,5.0,0.0,0.0,0.0,0.0,0.0,1.0,0.0,0.0,0.0,0
2026-27,477424,1,26-27-prem-manchester-city-vs-afc-bournemouth,90.0,1.0,1.0,1.0,0.0,0.0,5.0,0.0,0.0,7.0,1
2026-27,502500,1,26-27-prem-brentford-vs-tottenham-hotspur,83.0,2.0,0.0,2.0,0.0,0.0,4.0,0.0,0.0,1.0,1
2026-27,491501,1,26-27-prem-newcastle-united-vs-liverpool,0.0,0.0,0.0,0.0,0.0,0.0,0.0,0.0,0.0,0.0,0
2026-27,474120,1,26-27-prem-ipswich-town-vs-sunderland,71.0,3.0,0.0,6.0,1.0,0.0,5.0,0.0,0.0,3.0,1
2026-27,502697,1,26-27-prem-everton-vs-crystal-palace,1.0,1.0,1.0,1.0,0.0,0.0,2.0,0.0,0.0,1.0,0
2026-27,547701,1,26-27-prem-brentford-vs-tottenham-hotspur,86.0,0.0,0.0,0.0,0.0,0.0,2.0,0.0,0.0,3.0,1
2026-27,496661,1,26-27-prem-everton-vs-crystal-palace,0.0,0.0,0.0,0.0,0.0,0.0,0.0,0.0,0.0,0.0,0
2026-27,244723,1,26-27-prem-everton-vs-crystal-palace,90.0,0.0,0.0,1.0,1.0,0.0,4.0,0.0,0.0,5.0,1
2026-27,515621,1,26-27-prem-everton-vs-crystal-palace,72.0,0.0,0.0,0.0,0.0,0.0,3.0,0.0,0.0,7.0,1
2026-27,513466,1,26-27-prem-everton-vs-crystal-palace,90.0,0.0,0.0,1.0,1.0,0.0,5.0,0.0,0.0,4.0,1
2026-27,485055,1,26-27-prem-brentford-vs-tottenham-hotspur,90.0,0.0,0.0,0.0,0.0,0.0,12.0,0.12,3.12,4.0,1
2026-27,538207,1,26-27-prem-newcastle-united-vs-liverpool,56.0,2.0,0.0,2.0,1.0,0.0,2.0,0.0,0.0,3.0,1
2026-27,553746,1,26-27-prem-newcastle-united-vs-liverpool,0.0,0.0,0.0,0.0,0.0,0.0,0.0,0.0,0.0,0.0,0
2026-27,219924,1,26-27-prem-ipswich-town-vs-sunderland,90.0,0.0,0.0,1.0,0.0,0.0,6.0,0.0,0.0,5.0,1
2026-27,200834,1,26-27-prem-ipswich-town-vs-sunderland,0.0,0.0,0.0,0.0,0.0,0.0,0.0,0.0,0.0,0.0,0
2026-27,176420,1,26-27-prem-ipswich-town-vs-sunderland,0.0,0.0,0.0,0.0,0.0,0.0,0.0,0.0,0.0,0.0,0
2026-27,442967,1,26-27-prem-ipswich-town-vs-sunderland,80.0,1.0,0.0,1.0,0.0,0.0,2.0,0.0,0.0,7.0,1
2026-27,591386,1,26-27-prem-newcastle-united-vs-liverpool,0.0,0.0,0.0,0.0,0.0,0.0,0.0,0.0,0.0,0.0,0
2026-27,487838,1,26-27-prem-newcastle-united-vs-liverpool,90.0,0.0,0.0,0.0,1.0,0.0,8.0,0.0,0.0,11.0,1
2026-27,60307,1,26-27-prem-brighton-hove-albion-vs-aston-villa,90.0,0.0,0.0,4.0,4.0,0.0,2.0,0.0,0.0,3.0,1
2026-27,88894,1,26-27-prem-brighton-hove-albion-vs-aston-villa,74.0,1.0,0.0,1.0,2.0,0.0,0.0,0.0,0.0,1.0,1
2026-27,577016,1,26-27-prem-fulham-vs-chelsea,90.0,0.0,0.0,1.0,0.0,0.0,6.0,0.0,0.0,15.0,1
2026-27,570526,1,26-27-prem-brentford-vs-tottenham-hotspur,45.0,0.0,0.0,1.0,0.0,0.0,7.0,0.0,0.0,1.0,1
2026-27,231065,1,26-27-prem-brentford-vs-tottenham-hotspur,0.0,0.0,0.0,0.0,0.0,0.0,0.0,0.0,0.0,0.0,0
2026-27,207283,1,26-27-prem-brentford-vs-tottenham-hotspur,67.0,2.0,1.0,2.0,3.0,0.0,3.0,0.0,0.0,2.0,1
2026-27,212319,1,26-27-prem-brentford-vs-tottenham-hotspur,68.0,0.0,0.0,0.0,0.0,0.0,0.0,0.0,0.0,1.0,1
2026-27,432714,1,26-27-prem-nottingham-forest-vs-leeds-united,74.0,0.0,0.0,0.0,3.0,0.0,5.0,0.0,0.0,3.0,1
2026-27,547686,1,26-27-prem-fulham-vs-chelsea,0.0,0.0,0.0,0.0,0.0,0.0,0.0,0.0,0.0,0.0,0
2026-27,575458,1,26-27-prem-nottingham-forest-vs-leeds-united,90.0,0.0,0.0,0.0,0.0,0.0,0.0,0.0,0.0,8.0,1
2026-27,575476,1,26-27-prem-nottingham-forest-vs-leeds-united,89.0,0.0,0.0,0.0,2.0,0.0,3.0,0.0,0.0,14.0,1
2026-27,571779,1,26-27-prem-fulham-vs-chelsea,73.0,2.0,0.0,2.0,0.0,0.0,2.0,0.0,0.0,2.0,1
2026-27,499721,1,26-27-prem-brentford-vs-tottenham-hotspur,68.0,3.0,3.0,5.0,1.0,0.0,1.0,0.0,0.0,1.0,1
2026-27,72147,1,26-27-prem-brighton-hove-albion-vs-aston-villa,90.0,0.0,0.0,0.0,0.0,0.0,6.0,0.59,3.59,2.0,1
2026-27,482973,1,26-27-prem-nottingham-forest-vs-leeds-united,90.0,3.0,1.0,4.0,0.0,0.0,1.0,0.0,0.0,2.0,1
2026-27,470315,1,26-27-prem-nottingham-forest-vs-leeds-united,16.0,0.0,0.0,0.0,0.0,0.0,1.0,0.0,0.0,0.0,0
2026-27,204580,1,26-27-prem-brentford-vs-tottenham-hotspur,90.0,2.0,1.0,3.0,2.0,0.0,3.0,0.0,0.0,10.0,1
2026-27,432720,1,26-27-prem-nottingham-forest-vs-leeds-united,90.0,0.0,0.0,0.0,0.0,0.0,9.0,0.33,0.33,0.0,1
2026-27,607464,1,26-27-prem-brentford-vs-tottenham-hotspur,76.0,4.0,1.0,4.0,0.0,0.0,5.0,0.0,0.0,4.0,1
2026-27,522047,1,26-27-prem-nottingham-forest-vs-leeds-united,90.0,1.0,1.0,1.0,0.0,0.0,1.0,0.0,0.0,7.0,1
2026-27,135720,1,26-27-prem-brentford-vs-tottenham-hotspur,0.0,0.0,0.0,0.0,0.0,0.0,0.0,0.0,0.0,0.0,0
2026-27,231747,1,26-27-prem-everton-vs-crystal-palace,63.0,2.0,0.0,2.0,1.0,0.0,2.0,0.0,0.0,3.0,1
2026-27,549067,1,26-27-prem-nottingham-forest-vs-leeds-united,0.0,0.0,0.0,0.0,0.0,0.0,0.0,0.0,0.0,0.0,0
2026-27,568420,1,26-27-prem-nottingham-forest-vs-leeds-united,0.0,0.0,0.0,0.0,0.0,0.0,0.0,0.0,0.0,0.0,0
2026-27,592740,1,26-27-prem-nottingham-forest-vs-leeds-united,0.0,0.0,0.0,0.0,0.0,0.0,0.0,0.0,0.0,0.0,0
2026-27,513086,1,26-27-prem-brentford-vs-tottenham-hotspur,0.0,0.0,0.0,0.0,0.0,0.0,0.0,0.0,0.0,0.0,0
2026-27,611917,1,26-27-prem-brentford-vs-tottenham-hotspur,0.0,0.0,0.0,0.0,0.0,0.0,0.0,0.0,0.0,0.0,0
2026-27,643970,1,26-27-prem-nottingham-forest-vs-leeds-united,0.0,0.0,0.0,0.0,0.0,0.0,0.0,0.0,0.0,0.0,0
2026-27,499604,1,26-27-prem-manchester-city-vs-afc-bournemouth,89.0,1.0,1.0,1.0,1.0,0.0,0.0,0.0,0.0,1.0,1
2026-27,83299,1,26-27-prem-brighton-hove-albion-vs-aston-villa,90.0,0.0,0.0,0.0,0.0,0.0,2.0,0.0,0.0,2.0,1
2026-27,547719,1,26-27-prem-newcastle-united-vs-liverpool,76.0,1.0,0.0,1.0,2.0,0.0,6.0,0.0,0.0,7.0,1
2026-27,242898,1,26-27-prem-everton-vs-crystal-palace,6.0,0.0,0.0,0.0,0.0,0.0,0.0,0.0,0.0,2.0,0
2026-27,596777,1,26-27-prem-hull-city-vs-manchester-united,45.0,3.0,0.0,5.0,0.0,0.0,0.0,0.0,0.0,1.0,1
2026-27,466052,1,26-27-prem-manchester-city-vs-afc-bournemouth,27.0,0.0,0.0,2.0,4.0,0.0,0.0,0.0,0.0,0.0,0
2026-27,498016,1,26-27-prem-ipswich-town-vs-sunderland,90.0,0.0,0.0,0.0,0.0,0.0,8.0,-0.37,1.63,1.0,1
2026-27,232351,1,26-27-prem-hull-city-vs-manchester-united,85.0,1.0,0.0,1.0,1.0,0.0,1.0,0.0,0.0,6.0,1
2026-27,577669,1,26-27-prem-ipswich-town-vs-sunderland,90.0,1.0,1.0,5.0,2.0,0.0,2.0,0.0,0.0,0.0,1
2026-27,171314,1,26-27-prem-manchester-city-vs-afc-bournemouth,90.0,0.0,0.0,1.0,1.0,0.0,8.0,0.0,0.0,6.0,1
2026-27,232905,1,26-27-prem-hull-city-vs-manchester-united,19.0,0.0,0.0,1.0,0.0,0.0,1.0,0.0,0.0,2.0,0
2026-27,433590,1,26-27-prem-hull-city-vs-manchester-united,20.0,1.0,0.0,0.0,0.0,0.0,2.0,0.0,0.0,3.0,0
2026-27,116535,1,26-27-prem-newcastle-united-vs-liverpool,90.0,0.0,0.0,0.0,0.0,0.0,6.0,-0.44,1.56,2.0,1
2026-27,200785,1,26-27-prem-manchester-city-vs-afc-bournemouth,15.0,0.0,0.0,0.0,0.0,0.0,0.0,0.0,0.0,3.0,0
2026-27,204936,1,26-27-prem-manchester-city-vs-afc-bournemouth,90.0,0.0,0.0,0.0,0.0,0.0,4.0,0.7,1.7,1.0,1
2026-27,119471,1,26-27-prem-newcastle-united-vs-liverpool,1.0,0.0,0.0,0.0,0.0,0.0,0.0,0.0,0.0,0.0,0
2026-27,486385,1,26-27-prem-everton-vs-crystal-palace,11.0,1.0,0.0,0.0,0.0,0.0,0.0,0.0,0.0,0.0,0
2026-27,158983,1,26-27-prem-newcastle-united-vs-liverpool,0.0,0.0,0.0,0.0,0.0,0.0,0.0,0.0,0.0,0.0,0
2026-27,169528,1,26-27-prem-fulham-vs-chelsea,82.0,1.0,0.0,1.0,1.0,0.0,5.0,0.0,0.0,7.0,1
2026-27,243571,1,26-27-prem-everton-vs-crystal-palace,0.0,0.0,0.0,0.0,0.0,0.0,0.0,0.0,0.0,0.0,0
2026-27,97032,1,26-27-prem-newcastle-united-vs-liverpool,90.0,2.0,1.0,3.0,0.0,0.0,6.0,0.0,0.0,11.0,1
2026-27,523700,1,26-27-prem-manchester-city-vs-afc-bournemouth,15.0,1.0,1.0,1.0,0.0,0.0,1.0,0.0,0.0,0.0,0
2026-27,651426,1,26-27-prem-everton-vs-crystal-palace,90.0,1.0,0.0,1.0,0.0,0.0,3.0,0.0,0.0,8.0,1
2026-27,606745,1,26-27-prem-hull-city-vs-manchester-united,90.0,2.0,0.0,3.0,0.0,0.0,4.0,0.0,0.0,2.0,1
2026-27,444102,1,26-27-prem-manchester-city-vs-afc-bournemouth,75.0,0.0,0.0,1.0,1.0,0.0,3.0,0.0,0.0,5.0,1
2026-27,430871,1,26-27-prem-hull-city-vs-manchester-united,80.0,3.0,1.0,6.0,2.0,0.0,3.0,0.0,0.0,0.0,1
2026-27,488024,1,26-27-prem-everton-vs-crystal-palace,35.0,2.0,0.0,1.0,0.0,0.0,3.0,0.0,0.0,2.0,0
2026-27,111317,1,26-27-prem-manchester-city-vs-afc-bournemouth,0.0,0.0,0.0,0.0,0.0,0.0,0.0,0.0,0.0,0.0,0
2026-27,609873,1,26-27-prem-everton-vs-crystal-palace,90.0,0.0,0.0,2.0,1.0,0.0,11.0,0.0,0.0,5.0,1
2026-27,480455,1,26-27-prem-everton-vs-crystal-palace,90.0,0.0,0.0,3.0,0.0,0.0,2.0,0.0,0.0,8.0,1
2026-27,501390,1,26-27-prem-ipswich-town-vs-sunderland,80.0,1.0,0.0,1.0,0.0,0.0,6.0,0.0,0.0,6.0,1
2026-27,515046,1,26-27-prem-ipswich-town-vs-sunderland,0.0,0.0,0.0,0.0,0.0,0.0,0.0,0.0,0.0,0.0,0
2026-27,444172,1,26-27-prem-manchester-city-vs-afc-bournemouth,0.0,0.0,0.0,0.0,0.0,0.0,0.0,0.0,0.0,0.0,0
2026-27,616222,1,26-27-prem-manchester-city-vs-afc-bournemouth,0.0,0.0,0.0,0.0,0.0,0.0,0.0,0.0,0.0,0.0,0
2026-27,465642,1,26-27-prem-newcastle-united-vs-liverpool,90.0,0.0,0.0,0.0,0.0,0.0,2.0,0.0,0.0,15.0,1
2026-27,477555,1,26-27-prem-fulham-vs-chelsea,67.0,0.0,0.0,3.0,1.0,0.0,2.0,0.0,0.0,4.0,1
2026-27,443261,1,26-27-prem-ipswich-town-vs-sunderland,19.0,2.0,1.0,1.0,0.0,0.0,1.0,0.0,0.0,1.0,0
2026-27,465730,1,26-27-prem-brighton-hove-albion-vs-aston-villa,78.0,4.0,1.0,3.0,3.0,0.0,3.0,0.0,0.0,4.0,1
2026-27,195546,1,26-27-prem-brighton-hove-albion-vs-aston-villa,86.0,3.0,0.0,2.0,1.0,0.0,3.0,0.0,0.0,4.0,1
2026-27,496221,1,26-27-prem-everton-vs-crystal-palace,90.0,0.0,0.0,0.0,2.0,0.0,8.0,0.0,0.0,6.0,1
2026-27,606702,1,26-27-prem-newcastle-united-vs-liverpool,70.0,0.0,0.0,0.0,1.0,0.0,3.0,0.0,0.0,3.0,1
2026-27,223827,1,26-27-prem-ipswich-town-vs-sunderland,90.0,0.0,0.0,0.0,0.0,0.0,0.0,0.0,0.0,9.0,1
2026-27,214285,1,26-27-prem-newcastle-united-vs-liverpool,0.0,0.0,0.0,0.0,0.0,0.0,0.0,0.0,0.0,0.0,0
2026-27,244042,1,26-27-prem-fulham-vs-chelsea,8.0,1.0,1.0,0.0,1.0,0.0,0.0,0.0,0.0,1.0,0
2026-27,470551,1,26-27-prem-newcastle-united-vs-liverpool,90.0,0.0,0.0,0.0,0.0,0.0,5.0,0.97,2.97,3.0,1
2026-27,427623,1,26-27-prem-everton-vs-crystal-palace,90.0,0.0,0.0,0.0,0.0,0.0,1.0,0.0,0.0,16.0,1
2026-27,524180,1,26-27-prem-ipswich-town-vs-sunderland,0.0,0.0,0.0,0.0,0.0,0.0,0.0,0.0,0.0,0.0,0
2026-27,441264,1,26-27-prem-ipswich-town-vs-sunderland,67.0,2.0,1.0,2.0,0.0,0.0,0.0,0.0,0.0,0.0,1
2026-27,448047,1,26-27-prem-fulham-vs-chelsea,25.0,0.0,0.0,0.0,1.0,0.0,3.0,0.0,0.0,0.0,0
2026-27,597462,1,26-27-prem-hull-city-vs-manchester-united,26.0,0.0,0.0,0.0,0.0,0.0,0.0,0.0,0.0,4.0,0
2026-27,451490,1,26-27-prem-brighton-hove-albion-vs-aston-villa,26.0,2.0,1.0,1.0,0.0,0.0,0.0,0.0,0.0,4.0,0
2026-27,514514,1,26-27-prem-newcastle-united-vs-liverpool,12.0,1.0,0.0,2.0,0.0,0.0,1.0,0.0,0.0,0.0,0
2026-27,449027,1,26-27-prem-newcastle-united-vs-liverpool,0.0,0.0,0.0,0.0,0.0,0.0,0.0,0.0,0.0,0.0,0
2026-27,554578,1,26-27-prem-newcastle-united-vs-liverpool,0.0,0.0,0.0,0.0,0.0,0.0,0.0,0.0,0.0,0.0,0
2026-27,611665,1,26-27-prem-newcastle-united-vs-liverpool,0.0,0.0,0.0,0.0,0.0,0.0,0.0,0.0,0.0,0.0,0
2026-27,551210,1,26-27-prem-fulham-vs-chelsea,65.0,1.0,0.0,4.0,1.0,0.0,2.0,0.0,0.0,3.0,1
2026-27,201666,1,26-27-prem-newcastle-united-vs-liverpool,90.0,1.0,0.0,3.0,0.0,0.0,4.0,0.0,0.0,4.0,1
2026-27,247412,1,26-27-prem-everton-vs-crystal-palace,27.0,1.0,1.0,1.0,0.0,0.0,0.0,0.0,0.0,0.0,0
2026-27,247348,1,26-27-prem-everton-vs-crystal-palace,55.0,2.0,1.0,2.0,0.0,0.0,1.0,0.0,0.0,4.0,1
2026-27,570794,1,26-27-prem-everton-vs-crystal-palace,35.0,0.0,0.0,2.0,2.0,0.0,3.0,0.0,0.0,9.0,0
2026-27,176297,1,26-27-prem-hull-city-vs-manchester-united,45.0,0.0,0.0,2.0,4.0,0.0,1.0,0.0,0.0,0.0,0
2026-27,193278,1,26-27-prem-hull-city-vs-manchester-united,70.0,0.0,0.0,0.0,1.0,0.0,3.0,0.0,0.0,2.0,1
2026-27,229600,1,26-27-prem-everton-vs-crystal-palace,0.0,0.0,0.0,0.0,0.0,0.0,0.0,0.0,0.0,0.0,0
2026-27,216646,1,26-27-prem-newcastle-united-vs-liverpool,89.0,4.0,1.0,3.0,1.0,0.0,3.0,0.0,0.0,5.0,1
2026-27,551466,1,26-27-prem-fulham-vs-chelsea,90.0,3.0,1.0,2.0,0.0,0.0,1.0,0.0,0.0,1.0,1
2026-27,172649,1,26-27-prem-everton-vs-crystal-palace,90.0,0.0,0.0,0.0,0.0,0.0,13.0,-0.35,1.65,3.0,1
2026-27,577725,1,26-27-prem-fulham-vs-chelsea,90.0,3.0,2.0,9.0,1.0,0.0,4.0,0.0,0.0,4.0,1
2026-27,624773,1,26-27-prem-fulham-vs-chelsea,7.0,0.0,0.0,0.0,0.0,0.0,1.0,0.0,0.0,0.0,0
2026-27,114243,1,26-27-prem-newcastle-united-vs-liverpool,14.0,0.0,0.0,1.0,0.0,0.0,1.0,0.0,0.0,1.0,0
2026-27,514254,1,26-27-prem-brighton-hove-albion-vs-aston-villa,86.0,3.0,2.0,5.0,2.0,0.0,1.0,0.0,0.0,5.0,1
2026-27,441266,1,26-27-prem-newcastle-united-vs-liverpool,78.0,2.0,0.0,0.0,1.0,0.0,8.0,0.0,0.0,3.0,1
2026-27,243016,1,26-27-prem-newcastle-united-vs-liverpool,27.0,0.0,0.0,0.0,0.0,0.0,1.0,0.0,0.0,2.0,0
2026-27,463726,1,26-27-prem-newcastle-united-vs-liverpool,90.0,1.0,0.0,1.0,0.0,0.0,2.0,0.0,0.0,9.0,1
2026-27,611695,1,26-27-prem-brighton-hove-albion-vs-aston-villa,4.0,0.0,0.0,0.0,0.0,0.0,0.0,0.0,0.0,0.0,0
2026-27,424876,1,26-27-prem-newcastle-united-vs-liverpool,90.0,3.0,1.0,1.0,3.0,0.0,4.0,0.0,0.0,3.0,1
2026-27,449429,1,26-27-prem-ipswich-town-vs-sunderland,90.0,0.0,0.0,0.0,0.0,0.0,1.0,0.0,0.0,7.0,1
2026-27,461587,1,26-27-prem-ipswich-town-vs-sunderland,24.0,0.0,0.0,0.0,0.0,0.0,2.0,0.0,0.0,1.0,0
2026-27,200089,1,26-27-prem-newcastle-united-vs-liverpool,34.0,1.0,1.0,1.0,1.0,0.0,1.0,0.0,0.0,2.0,0
2026-27,220237,1,26-27-prem-newcastle-united-vs-liverpool,90.0,0.0,0.0,0.0,0.0,0.0,2.0,0.0,0.0,10.0,1
2026-27,216094,1,26-27-prem-newcastle-united-vs-liverpool,90.0,1.0,0.0,4.0,3.0,0.0,3.0,0.0,0.0,2.0,1
2026-27,538007,1,26-27-prem-brighton-hove-albion-vs-aston-villa,0.0,0.0,0.0,0.0,0.0,0.0,0.0,0.0,0.0,0.0,0
2026-27,569577,1,26-27-prem-brighton-hove-albion-vs-aston-villa,0.0,0.0,0.0,0.0,0.0,0.0,0.0,0.0,0.0,0.0,0
2026-27,571380,1,26-27-prem-brighton-hove-albion-vs-aston-villa,0.0,0.0,0.0,0.0,0.0,0.0,0.0,0.0,0.0,0.0,0
2026-27,612855,1,26-27-prem-brighton-hove-albion-vs-aston-villa,12.0,0.0,0.0,2.0,1.0,0.0,2.0,0.0,0.0,0.0,0
2026-27,532529,1,26-27-prem-brighton-hove-albion-vs-aston-villa,64.0,3.0,2.0,5.0,1.0,0.0,1.0,0.0,0.0,2.0,1
2026-27,611922,1,26-27-prem-newcastle-united-vs-liverpool,63.0,1.0,0.0,1.0,0.0,0.0,2.0,0.0,0.0,1.0,1
2026-27,547027,1,26-27-prem-ipswich-town-vs-sunderland,10.0,1.0,0.0,0.0,0.0,0.0,0.0,0.0,0.0,0.0,0
2026-27,536661,1,26-27-prem-ipswich-town-vs-sunderland,59.0,2.0,1.0,2.0,0.0,0.0,5.0,0.0,0.0,2.0,1
2026-27,184667,1,26-27-prem-brighton-hove-albion-vs-aston-villa,90.0,0.0,0.0,0.0,0.0,0.0,1.0,0.0,0.0,3.0,1
2026-27,470313,1,26-27-prem-newcastle-united-vs-liverpool,0.0,0.0,0.0,0.0,0.0,0.0,0.0,0.0,0.0,0.0,0
2026-27,243298,1,26-27-prem-newcastle-united-vs-liverpool,90.0,6.0,1.0,10.0,3.0,0.0,5.0,0.0,0.0,7.0,1
2026-27,586309,1,26-27-prem-everton-vs-crystal-palace,79.0,2.0,1.0,4.0,1.0,0.0,2.0,0.0,0.0,1.0,1
2026-27,445087,1,26-27-prem-newcastle-united-vs-liverpool,20.0,0.0,0.0,0.0,0.0,0.0,1.0,0.0,0.0,4.0,0
2026-27,141746,1,26-27-prem-hull-city-vs-manchester-united,90.0,3.0,1.0,3.0,3.0,0.0,5.0,0.0,0.0,1.0,1
2026-27,166989,1,26-27-prem-hull-city-vs-manchester-united,67.0,1.0,0.0,1.0,0.0,0.0,5.0,0.0,0.0,0.0,1
2026-27,169432,1,26-27-prem-hull-city-vs-manchester-united,90.0,2.0,2.0,3.0,2.0,0.0,2.0,0.0,0.0,3.0,1
2026-27,636852,1,26-27-prem-newcastle-united-vs-liverpool,56.0,0.0,0.0,0.0,0.0,0.0,2.0,0.0,0.0,0.0,1
2026-27,632794,1,26-27-prem-newcastle-united-vs-liverpool,14.0,0.0,0.0,0.0,0.0,0.0,0.0,0.0,0.0,2.0,0
2026-27,557012,1,26-27-prem-ipswich-town-vs-sunderland,10.0,0.0,0.0,0.0,0.0,0.0,0.0,0.0,0.0,0.0,0
2026-27,205533,1,26-27-prem-everton-vs-crystal-palace,55.0,1.0,1.0,4.0,2.0,0.0,1.0,0.0,0.0,2.0,1
2026-27,455084,1,26-27-prem-ipswich-town-vs-sunderland,90.0,0.0,0.0,0.0,0.0,0.0,4.0,0.0,0.0,7.0,1
2026-27,487676,1,26-27-prem-ipswich-town-vs-sunderland,80.0,2.0,0.0,5.0,3.0,0.0,6.0,0.0,0.0,4.0,1
2026-27,475168,1,26-27-prem-fulham-vs-chelsea,90.0,4.0,1.0,8.0,2.0,0.0,2.0,0.0,0.0,1.0,1
2026-27,460028,1,26-27-prem-fulham-vs-chelsea,90.0,1.0,0.0,2.0,0.0,0.0,3.0,0.0,0.0,4.0,1
2026-27,244851,1,26-27-prem-fulham-vs-chelsea,83.0,5.0,2.0,9.0,3.0,0.0,7.0,0.0,0.0,2.0,1
2026-27,498444,1,26-27-prem-fulham-vs-chelsea,25.0,0.0,0.0,1.0,0.0,0.0,1.0,0.0,0.0,1.0,0
2026-27,551499,1,26-27-prem-newcastle-united-vs-liverpool,27.0,2.0,0.0,3.0,0.0,0.0,0.0,0.0,0.0,0.0,0
2026-27,49262,1,26-27-prem-brighton-hove-albion-vs-aston-villa,0.0,0.0,0.0,0.0,0.0,0.0,0.0,0.0,0.0,0.0,0
2026-27,531442,1,26-27-prem-ipswich-town-vs-sunderland,66.0,0.0,0.0,4.0,2.0,0.0,2.0,0.0,0.0,5.0,1
2026-27,219847,1,26-27-prem-arsenal-vs-coventry-city,90.0,1.0,1.0,5.0,1.0,0.0,0.0,0.0,0.0,2.0,1
2026-27,173878,1,26-27-prem-arsenal-vs-coventry-city,90.0,0.0,0.0,0.0,0.0,0.0,1.0,0.0,0.0,6.0,1
2026-27,226597,1,26-27-prem-arsenal-vs-coventry-city,90.0,1.0,0.0,0.0,0.0,0.0,2.0,0.0,0.0,4.0,1
2026-27,499169,1,26-27-prem-arsenal-vs-coventry-city,90.0,1.0,0.0,3.0,1.0,0.0,5.0,0.0,0.0,2.0,1
2026-27,549912,1,26-27-prem-ipswich-town-vs-sunderland,31.0,0.0,0.0,0.0,0.0,0.0,2.0,0.0,0.0,0.0,0
2026-27,543968,1,26-27-prem-ipswich-town-vs-sunderland,66.0,3.0,2.0,4.0,2.0,0.0,1.0,0.0,0.0,2.0,1
2026-27,232653,1,26-27-prem-newcastle-united-vs-liverpool,34.0,1.0,0.0,1.0,0.0,0.0,1.0,0.0,0.0,5.0,0
2026-27,494595,1,26-27-prem-newcastle-united-vs-liverpool,63.0,3.0,1.0,4.0,1.0,0.0,4.0,0.0,0.0,1.0,1
2026-27,230001,1,26-27-prem-hull-city-vs-manchester-united,80.0,1.0,0.0,2.0,2.0,0.0,3.0,0.0,0.0,5.0,1
2026-27,509416,1,26-27-prem-brighton-hove-albion-vs-aston-villa,64.0,2.0,0.0,1.0,1.0,0.0,3.0,0.0,0.0,1.0,1
2026-27,551226,1,26-27-prem-brentford-vs-tottenham-hotspur,45.0,0.0,0.0,1.0,2.0,0.0,1.0,0.0,0.0,1.0,0
2026-27,219168,1,26-27-prem-newcastle-united-vs-liverpool,90.0,4.0,2.0,6.0,1.0,0.0,0.0,0.0,0.0,1.0,1
2026-27,215136,2,26-27-prem-liverpool-vs-nottingham-forest,90.0,1.0,0.0,2.0,2.0,0.0,1.0,0.0,0.0,12.0,1
2026-27,49262,2,26-27-prem-chelsea-vs-brighton-hove-albion,0.0,0.0,0.0,0.0,0.0,0.0,0.0,0.0,0.0,0.0,0
2026-27,50175,2,26-27-prem-chelsea-vs-brighton-hove-albion,0.0,0.0,0.0,0.0,0.0,0.0,0.0,0.0,0.0,0.0,0
2026-27,222694,2,26-27-prem-chelsea-vs-brighton-hove-albion,0.0,0.0,0.0,0.0,0.0,0.0,0.0,0.0,0.0,0.0,0
2026-27,219249,2,26-27-prem-chelsea-vs-brighton-hove-albion,0.0,0.0,0.0,0.0,0.0,0.0,0.0,0.0,0.0,0.0,0
2026-27,458249,2,26-27-prem-manchester-united-vs-ipswich-town,0.0,0.0,0.0,0.0,0.0,0.0,0.0,0.0,0.0,0.0,0
2026-27,557012,2,26-27-prem-manchester-united-vs-ipswich-town,0.0,0.0,0.0,0.0,0.0,0.0,0.0,0.0,0.0,0.0,0
2026-27,576628,2,26-27-prem-manchester-united-vs-ipswich-town,0.0,0.0,0.0,0.0,0.0,0.0,0.0,0.0,0.0,0.0,0
2026-27,91651,2,26-27-prem-crystal-palace-vs-manchester-city,15.0,0.0,0.0,0.0,0.0,0.0,0.0,0.0,0.0,0.0,0
2026-27,108413,2,26-27-prem-crystal-palace-vs-manchester-city,0.0,0.0,0.0,0.0,0.0,0.0,0.0,0.0,0.0,0.0,0
2026-27,121709,2,26-27-prem-crystal-palace-vs-manchester-city,0.0,0.0,0.0,0.0,0.0,0.0,0.0,0.0,0.0,0.0,0
2026-27,152551,2,26-27-prem-crystal-palace-vs-manchester-city,0.0,0.0,0.0,0.0,0.0,0.0,0.0,0.0,0.0,0.0,0
2026-27,171314,2,26-27-prem-crystal-palace-vs-manchester-city,90.0,1.0,1.0,2.0,2.0,0.0,6.0,0.0,0.0,6.0,1
2026-27,204936,2,26-27-prem-crystal-palace-vs-manchester-city,90.0,0.0,0.0,0.0,0.0,0.0,8.0,0.05,0.05,0.0,1
2026-27,95658,2,26-27-prem-manchester-united-vs-ipswich-town,90.0,1.0,0.0,2.0,0.0,0.0,4.0,0.0,0.0,5.0,1
2026-27,606745,2,26-27-prem-manchester-united-vs-ipswich-town,0.0,0.0,0.0,0.0,0.0,0.0,0.0,0.0,0.0,0.0,0
2026-27,172649,2,26-27-prem-crystal-palace-vs-manchester-city,90.0,0.0,0.0,0.0,0.0,0.0,11.0,-0.92,3.08,2.0,1
2026-27,72147,2,26-27-prem-aston-villa-vs-arsenal,0.0,0.0,0.0,0.0,0.0,0.0,0.0,0.0,0.0,0.0,0
2026-27,220362,2,26-27-prem-crystal-palace-vs-manchester-city,16.0,0.0,0.0,0.0,0.0,0.0,1.0,0.0,0.0,1.0,0
2026-27,109745,2,26-27-prem-aston-villa-vs-arsenal,0.0,0.0,0.0,0.0,0.0,0.0,0.0,0.0,0.0,0.0,0
2026-27,149484,2,26-27-prem-aston-villa-vs-arsenal,0.0,0.0,0.0,0.0,0.0,0.0,0.0,0.0,0.0,0.0,0
2026-27,224117,2,26-27-prem-aston-villa-vs-arsenal,0.0,0.0,0.0,0.0,0.0,0.0,0.0,0.0,0.0,0.0,0
2026-27,487992,2,26-27-prem-aston-villa-vs-arsenal,0.0,0.0,0.0,0.0,0.0,0.0,0.0,0.0,0.0,0.0,0
2026-27,248857,2,26-27-prem-aston-villa-vs-arsenal,0.0,0.0,0.0,0.0,0.0,0.0,0.0,0.0,0.0,0.0,0
2026-27,223094,2,26-27-prem-crystal-palace-vs-manchester-city,90.0,5.0,3.0,6.0,0.0,0.0,2.0,0.0,0.0,3.0,1
2026-27,209244,2,26-27-prem-crystal-palace-vs-manchester-city,90.0,3.0,0.0,4.0,3.0,0.0,4.0,0.0,0.0,3.0,1
2026-27,247412,2,26-27-prem-crystal-palace-vs-manchester-city,63.0,1.0,0.0,1.0,0.0,0.0,1.0,0.0,0.0,3.0,1
2026-27,88894,2,26-27-prem-aston-villa-vs-arsenal,78.0,1.0,0.0,0.0,2.0,0.0,6.0,0.0,0.0,4.0,1
2026-27,575458,2,26-27-prem-liverpool-vs-nottingham-forest,90.0,0.0,0.0,0.0,0.0,0.0,3.0,0.0,0.0,8.0,1
2026-27,470315,2,26-27-prem-liverpool-vs-nottingham-forest,4.0,0.0,0.0,0.0,0.0,0.0,0.0,0.0,0.0,1.0,0
2026-27,491501,2,26-27-prem-liverpool-vs-nottingham-forest,0.0,0.0,0.0,0.0,0.0,0.0,0.0,0.0,0.0,0.0,0
2026-27,448104,2,26-27-prem-aston-villa-vs-arsenal,0.0,0.0,0.0,0.0,0.0,0.0,0.0,0.0,0.0,0.0,0
2026-27,515597,2,26-27-prem-aston-villa-vs-arsenal,0.0,0.0,0.0,0.0,0.0,0.0,0.0,0.0,0.0,0.0,0
2026-27,432720,2,26-27-prem-leeds-united-vs-brentford,90.0,0.0,0.0,0.0,0.0,0.0,11.0,-0.19,0.81,0.0,1
2026-27,549067,2,26-27-prem-liverpool-vs-nottingham-forest,0.0,0.0,0.0,0.0,0.0,0.0,0.0,0.0,0.0,0.0,0
2026-27,571380,2,26-27-prem-aston-villa-vs-arsenal,0.0,0.0,0.0,0.0,0.0,0.0,0.0,0.0,0.0,0.0,0
2026-27,209036,2,26-27-prem-crystal-palace-vs-manchester-city,90.0,0.0,0.0,0.0,1.0,0.0,4.0,0.0,0.0,5.0,1
2026-27,433154,2,26-27-prem-crystal-palace-vs-manchester-city,22.0,0.0,0.0,0.0,0.0,0.0,1.0,0.0,0.0,1.0,0
2026-27,205533,2,26-27-prem-crystal-palace-vs-manchester-city,68.0,2.0,0.0,2.0,1.0,0.0,3.0,0.0,0.0,3.0,1
2026-27,437730,2,26-27-prem-crystal-palace-vs-manchester-city,90.0,2.0,1.0,11.0,3.0,0.0,2.0,0.0,0.0,1.0,1
2026-27,247348,2,26-27-prem-crystal-palace-vs-manchester-city,0.0,0.0,0.0,0.0,0.0,0.0,0.0,0.0,0.0,0.0,0
2026-27,448514,2,26-27-prem-crystal-palace-vs-manchester-city,0.0,0.0,0.0,0.0,0.0,0.0,0.0,0.0,0.0,0.0,0
2026-27,427623,2,26-27-prem-crystal-palace-vs-manchester-city,90.0,1.0,1.0,1.0,0.0,0.0,2.0,0.0,0.0,6.0,1
2026-27,463936,2,26-27-prem-chelsea-vs-brighton-hove-albion,0.0,0.0,0.0,0.0,0.0,0.0,0.0,0.0,0.0,0.0,0
2026-27,242313,2,26-27-prem-crystal-palace-vs-manchester-city,15.0,0.0,0.0,0.0,0.0,0.0,0.0,0.0,0.0,1.0,0
2026-27,488024,2,26-27-prem-crystal-palace-vs-manchester-city,68.0,1.0,0.0,4.0,2.0,0.0,6.0,0.0,0.0,4.0,1
2026-27,477424,2,26-27-prem-crystal-palace-vs-manchester-city,75.0,0.0,0.0,1.0,2.0,0.0,0.0,0.0,0.0,2.0,1
2026-27,485337,2,26-27-prem-crystal-palace-vs-manchester-city,27.0,0.0,0.0,0.0,0.0,0.0,0.0,0.0,0.0,1.0,0
2026-27,466052,2,26-27-prem-crystal-palace-vs-manchester-city,82.0,3.0,3.0,6.0,3.0,0.0,3.0,0.0,0.0,0.0,1
2026-27,472769,2,26-27-prem-crystal-palace-vs-manchester-city,89.0,1.0,0.0,2.0,0.0,0.0,2.0,0.0,0.0,1.0,1
2026-27,578153,2,26-27-prem-crystal-palace-vs-manchester-city,89.0,0.0,0.0,2.0,0.0,0.0,3.0,0.0,0.0,7.0,1
2026-27,244723,2,26-27-prem-crystal-palace-vs-manchester-city,90.0,2.0,0.0,2.0,2.0,0.0,1.0,0.0,0.0,5.0,1
2026-27,496221,2,26-27-prem-crystal-palace-vs-manchester-city,90.0,0.0,0.0,0.0,2.0,0.0,3.0,0.0,0.0,4.0,1
2026-27,477064,2,26-27-prem-crystal-palace-vs-manchester-city,0.0,0.0,0.0,0.0,0.0,0.0,0.0,0.0,0.0,0.0,0
2026-27,616222,2,26-27-prem-crystal-palace-vs-manchester-city,1.0,0.0,0.0,0.0,0.0,0.0,0.0,0.0,0.0,0.0,0
2026-27,575204,2,26-27-prem-crystal-palace-vs-manchester-city,0.0,0.0,0.0,0.0,0.0,0.0,0.0,0.0,0.0,0.0,0
2026-27,570794,2,26-27-prem-crystal-palace-vs-manchester-city,75.0,1.0,0.0,1.0,0.0,0.0,5.0,0.0,0.0,14.0,1
2026-27,651426,2,26-27-prem-crystal-palace-vs-manchester-city,90.0,0.0,0.0,0.0,0.0,0.0,1.0,0.0,0.0,7.0,1
2026-27,616288,2,26-27-prem-crystal-palace-vs-manchester-city,8.0,1.0,0.0,0.0,0.0,0.0,0.0,0.0,0.0,0.0,0
2026-27,554054,2,26-27-prem-crystal-palace-vs-manchester-city,1.0,0.0,0.0,0.0,0.0,0.0,1.0,0.0,0.0,0.0,0
2026-27,611922,2,26-27-prem-liverpool-vs-nottingham-forest,19.0,0.0,0.0,1.0,0.0,0.0,0.0,0.0,0.0,0.0,0
2026-27,606702,2,26-27-prem-liverpool-vs-nottingham-forest,77.0,0.0,0.0,1.0,1.0,0.0,4.0,0.0,0.0,11.0,1
2026-27,551499,2,26-27-prem-liverpool-vs-nottingham-forest,90.0,4.0,1.0,4.0,1.0,0.0,1.0,0.0,0.0,6.0,1
2026-27,575476,2,26-27-prem-liverpool-vs-nottingham-forest,90.0,1.0,0.0,1.0,0.0,0.0,3.0,0.0,0.0,6.0,1
2026-27,209400,2,26-27-prem-crystal-palace-vs-manchester-city,90.0,1.0,0.0,2.0,0.0,0.0,2.0,0.0,0.0,7.0,1
2026-27,106611,2,26-27-prem-afc-bournemouth-vs-everton,0.0,0.0,0.0,0.0,0.0,0.0,0.0,0.0,0.0,0.0,0
2026-27,17761,2,26-27-prem-afc-bournemouth-vs-everton,90.0,1.0,1.0,2.0,1.0,0.0,3.0,0.0,0.0,10.0,1
2026-27,54469,2,26-27-prem-afc-bournemouth-vs-everton,90.0,0.0,0.0,0.0,1.0,0.0,0.0,0.0,0.0,6.0,1
2026-27,158499,2,26-27-prem-afc-bournemouth-vs-everton,3.0,0.0,0.0,0.0,0.0,0.0,1.0,0.0,0.0,1.0,0
2026-27,559152,2,26-27-prem-crystal-palace-vs-manchester-city,22.0,0.0,0.0,0.0,0.0,0.0,0.0,0.0,0.0,1.0,0
2026-27,637238,2,26-27-prem-crystal-palace-vs-manchester-city,8.0,0.0,0.0,0.0,0.0,0.0,0.0,0.0,0.0,1.0,0
2026-27,106921,2,26-27-prem-crystal-palace-vs-manchester-city,0.0,0.0,0.0,0.0,0.0,0.0,0.0,0.0,0.0,0.0,0
2026-27,111234,2,26-27-prem-afc-bournemouth-vs-everton,90.0,0.0,0.0,0.0,0.0,0.0,11.0,0.9,1.9,4.0,1
2026-27,201658,2,26-27-prem-afc-bournemouth-vs-everton,90.0,2.0,0.0,3.0,2.0,0.0,6.0,0.0,0.0,5.0,1
2026-27,229600,2,26-27-prem-afc-bournemouth-vs-everton,0.0,0.0,0.0,0.0,0.0,0.0,0.0,0.0,0.0,0.0,0
2026-27,155408,2,26-27-prem-afc-bournemouth-vs-everton,69.0,0.0,0.0,0.0,1.0,0.0,2.0,0.0,0.0,0.0,1
2026-27,111317,2,26-27-prem-afc-bournemouth-vs-everton,9.0,0.0,0.0,0.0,0.0,0.0,0.0,0.0,0.0,0.0,0
2026-27,200785,2,26-27-prem-afc-bournemouth-vs-everton,21.0,0.0,0.0,0.0,0.0,0.0,3.0,0.0,0.0,0.0,0
2026-27,222683,2,26-27-prem-afc-bournemouth-vs-everton,81.0,4.0,2.0,7.0,2.0,0.0,5.0,0.0,0.0,0.0,1
2026-27,224967,2,26-27-prem-afc-bournemouth-vs-everton,90.0,0.0,0.0,0.0,0.0,0.0,7.0,0.0,0.0,12.0,1
2026-27,215413,2,26-27-prem-afc-bournemouth-vs-everton,90.0,2.0,1.0,2.0,4.0,0.0,7.0,0.0,0.0,3.0,1
2026-27,512462,2,26-27-prem-afc-bournemouth-vs-everton,0.0,0.0,0.0,0.0,0.0,0.0,0.0,0.0,0.0,0.0,0
2026-27,490094,2,26-27-prem-afc-bournemouth-vs-everton,4.0,0.0,0.0,0.0,0.0,0.0,0.0,0.0,0.0,0.0,0
2026-27,523700,2,26-27-prem-afc-bournemouth-vs-everton,0.0,0.0,0.0,0.0,0.0,0.0,0.0,0.0,0.0,0.0,0
2026-27,502697,2,26-27-prem-afc-bournemouth-vs-everton,4.0,1.0,0.0,3.0,0.0,0.0,0.0,0.0,0.0,0.0,0
2026-27,494521,2,26-27-prem-afc-bournemouth-vs-everton,90.0,0.0,0.0,2.0,2.0,0.0,6.0,0.0,0.0,9.0,1
2026-27,146426,2,26-27-prem-coventry-city-vs-hull-city,90.0,0.0,0.0,0.0,0.0,0.0,5.0,0.0,0.0,7.0,1
2026-27,168144,2,26-27-prem-coventry-city-vs-hull-city,90.0,1.0,0.0,0.0,1.0,0.0,9.0,0.0,0.0,1.0,1
2026-27,169432,2,26-27-prem-coventry-city-vs-hull-city,90.0,0.0,0.0,4.0,1.0,0.0,4.0,0.0,0.0,0.0,1
2026-27,108416,2,26-27-prem-coventry-city-vs-hull-city,90.0,0.0,0.0,0.0,0.0,0.0,1.0,0.0,0.0,13.0,1
2026-27,193278,2,26-27-prem-coventry-city-vs-hull-city,45.0,0.0,0.0,0.0,0.0,0.0,1.0,0.0,0.0,4.0,1
2026-27,230730,2,26-27-prem-coventry-city-vs-hull-city,32.0,0.0,0.0,1.0,0.0,0.0,2.0,0.0,0.0,0.0,0
2026-27,241293,2,26-27-prem-coventry-city-vs-hull-city,58.0,0.0,0.0,0.0,1.0,0.0,2.0,0.0,0.0,2.0,1
2026-27,210156,2,26-27-prem-coventry-city-vs-hull-city,90.0,4.0,2.0,7.0,2.0,0.0,2.0,0.0,0.0,1.0,1
2026-27,231065,2,26-27-prem-coventry-city-vs-hull-city,12.0,0.0,0.0,0.0,0.0,0.0,0.0,0.0,0.0,2.0,0
2026-27,173878,2,26-27-prem-coventry-city-vs-hull-city,90.0,1.0,1.0,1.0,0.0,0.0,3.0,0.0,0.0,3.0,1
2026-27,243413,2,26-27-prem-coventry-city-vs-hull-city,90.0,0.0,0.0,1.0,0.0,0.0,4.0,0.0,0.0,6.0,1
2026-27,196100,2,26-27-prem-coventry-city-vs-hull-city,19.0,0.0,0.0,0.0,0.0,0.0,0.0,0.0,0.0,0.0,0
2026-27,501459,2,26-27-prem-coventry-city-vs-hull-city,31.0,1.0,0.0,2.0,0.0,0.0,2.0,0.0,0.0,2.0,0
2026-27,218997,2,26-27-prem-coventry-city-vs-hull-city,0.0,0.0,0.0,0.0,0.0,0.0,0.0,0.0,0.0,0.0,0
2026-27,232905,2,26-27-prem-coventry-city-vs-hull-city,31.0,3.0,1.0,1.0,0.0,0.0,0.0,0.0,0.0,1.0,0
2026-27,232351,2,26-27-prem-coventry-city-vs-hull-city,90.0,0.0,0.0,1.0,1.0,0.0,4.0,0.0,0.0,2.0,1
2026-27,433590,2,26-27-prem-coventry-city-vs-hull-city,45.0,0.0,0.0,0.0,0.0,0.0,2.0,0.0,0.0,3.0,0
2026-27,608227,2,26-27-prem-coventry-city-vs-hull-city,59.0,1.0,0.0,3.0,0.0,0.0,5.0,0.0,0.0,2.0,1
2026-27,469266,2,26-27-prem-coventry-city-vs-hull-city,45.0,0.0,0.0,0.0,0.0,0.0,2.0,0.0,0.0,4.0,0
2026-27,451284,2,26-27-prem-coventry-city-vs-hull-city,90.0,0.0,0.0,3.0,2.0,0.0,3.0,0.0,0.0,2.0,1
2026-27,609873,2,26-27-prem-afc-bournemouth-vs-everton,86.0,0.0,0.0,0.0,1.0,0.0,3.0,0.0,0.0,6.0,1
2026-27,461102,2,26-27-prem-coventry-city-vs-hull-city,78.0,0.0,0.0,0.0,0.0,0.0,6.0,0.0,0.0,9.0,1
2026-27,550615,2,26-27-prem-afc-bournemouth-vs-everton,62.0,2.0,1.0,4.0,1.0,0.0,1.0,0.0,0.0,1.0,1
2026-27,472739,2,26-27-prem-coventry-city-vs-hull-city,90.0,0.0,0.0,0.0,0.0,0.0,13.0,-0.5,0.5,1.0,1
2026-27,540324,2,26-27-prem-coventry-city-vs-hull-city,83.0,1.0,0.0,3.0,1.0,0.0,5.0,0.0,0.0,5.0,1
2026-27,499604,2,26-27-prem-afc-bournemouth-vs-everton,90.0,5.0,2.0,4.0,0.0,0.0,3.0,0.0,0.0,2.0,1
2026-27,60689,2,26-27-prem-liverpool-vs-nottingham-forest,0.0,0.0,0.0,0.0,0.0,0.0,0.0,0.0,0.0,0.0,0
2026-27,158983,2,26-27-prem-liverpool-vs-nottingham-forest,0.0,0.0,0.0,0.0,0.0,0.0,0.0,0.0,0.0,0.0,0
2026-27,221389,2,26-27-prem-liverpool-vs-nottingham-forest,0.0,0.0,0.0,0.0,0.0,0.0,0.0,0.0,0.0,0.0,0
2026-27,85633,2,26-27-prem-liverpool-vs-nottingham-forest,90.0,0.0,0.0,0.0,0.0,0.0,6.0,0.02,2.02,3.0,1
2026-27,204968,2,26-27-prem-liverpool-vs-nottingham-forest,0.0,0.0,0.0,0.0,0.0,0.0,0.0,0.0,0.0,0.0,0
2026-27,97032,2,26-27-prem-liverpool-vs-nottingham-forest,90.0,0.0,0.0,1.0,0.0,0.0,5.0,0.0,0.0,7.0,1
2026-27,116535,2,26-27-prem-liverpool-vs-nottingham-forest,90.0,0.0,0.0,0.0,0.0,0.0,4.0,-0.72,1.28,2.0,1
2026-27,222531,2,26-27-prem-liverpool-vs-nottingham-forest,90.0,1.0,1.0,1.0,1.0,0.0,2.0,0.0,0.0,3.0,1
2026-27,204561,2,26-27-prem-liverpool-vs-nottingham-forest,90.0,2.0,0.0,1.0,0.0,0.0,7.0,0.0,0.0,8.0,1
2026-27,214285,2,26-27-prem-liverpool-vs-nottingham-forest,19.0,1.0,1.0,1.0,0.0,0.0,0.0,0.0,0.0,0.0,0
2026-27,159506,2,26-27-prem-liverpool-vs-nottingham-forest,86.0,0.0,0.0,2.0,1.0,0.0,4.0,0.0,0.0,5.0,1
2026-27,219168,2,26-27-prem-liverpool-vs-nottingham-forest,90.0,3.0,1.0,6.0,1.0,0.0,0.0,0.0,0.0,1.0,1
2026-27,227444,2,26-27-prem-liverpool-vs-nottingham-forest,90.0,0.0,0.0,0.0,0.0,0.0,3.0,0.0,0.0,13.0,1
2026-27,242882,2,26-27-prem-afc-bournemouth-vs-everton,0.0,0.0,0.0,0.0,0.0,0.0,0.0,0.0,0.0,0.0,0
2026-27,496661,2,26-27-prem-afc-bournemouth-vs-everton,0.0,0.0,0.0,0.0,0.0,0.0,0.0,0.0,0.0,0.0,0
2026-27,440993,2,26-27-prem-afc-bournemouth-vs-everton,90.0,2.0,1.0,1.0,1.0,0.0,7.0,0.0,0.0,6.0,1
2026-27,244860,2,26-27-prem-afc-bournemouth-vs-everton,28.0,0.0,0.0,1.0,0.0,0.0,1.0,0.0,0.0,2.0,0
2026-27,483067,2,26-27-prem-afc-bournemouth-vs-everton,90.0,1.0,0.0,4.0,0.0,0.0,4.0,0.0,0.0,10.0,1
2026-27,561245,2,26-27-prem-afc-bournemouth-vs-everton,9.0,0.0,0.0,0.0,0.0,0.0,1.0,0.0,0.0,0.0,0
2026-27,586309,2,26-27-prem-afc-bournemouth-vs-everton,70.0,3.0,2.0,5.0,1.0,0.0,1.0,0.0,0.0,2.0,1
2026-27,67089,2,26-27-prem-tottenham-hotspur-vs-newcastle-united,0.0,0.0,0.0,0.0,0.0,0.0,0.0,0.0,0.0,0.0,0
2026-27,496208,2,26-27-prem-afc-bournemouth-vs-everton,0.0,0.0,0.0,0.0,0.0,0.0,0.0,0.0,0.0,0.0,0
2026-27,575901,2,26-27-prem-afc-bournemouth-vs-everton,0.0,0.0,0.0,0.0,0.0,0.0,0.0,0.0,0.0,0.0,0
2026-27,480455,2,26-27-prem-afc-bournemouth-vs-everton,90.0,1.0,1.0,1.0,0.0,0.0,3.0,0.0,0.0,12.0,1
2026-27,242898,2,26-27-prem-afc-bournemouth-vs-everton,28.0,0.0,0.0,0.0,0.0,0.0,1.0,0.0,0.0,1.0,0
2026-27,486385,2,26-27-prem-afc-bournemouth-vs-everton,20.0,1.0,0.0,1.0,0.0,0.0,0.0,0.0,0.0,1.0,0
2026-27,444102,2,26-27-prem-afc-bournemouth-vs-everton,81.0,3.0,0.0,4.0,2.0,0.0,2.0,0.0,0.0,1.0,1
2026-27,503139,2,26-27-prem-afc-bournemouth-vs-everton,87.0,2.0,1.0,2.0,2.0,0.0,9.0,0.0,0.0,6.0,1
2026-27,232928,2,26-27-prem-afc-bournemouth-vs-everton,62.0,0.0,0.0,0.0,0.0,0.0,7.0,0.0,0.0,3.0,1
2026-27,463981,2,26-27-prem-afc-bournemouth-vs-everton,90.0,0.0,0.0,2.0,2.0,0.0,3.0,0.0,0.0,12.0,1
2026-27,457569,2,26-27-prem-afc-bournemouth-vs-everton,90.0,0.0,0.0,0.0,0.0,0.0,8.0,0.41,1.41,3.0,1
2026-27,424876,2,26-27-prem-liverpool-vs-nottingham-forest,90.0,3.0,0.0,0.0,2.0,0.0,7.0,0.0,0.0,6.0,1
2026-27,441266,2,26-27-prem-liverpool-vs-nottingham-forest,19.0,0.0,0.0,0.0,1.0,0.0,0.0,0.0,0.0,1.0,0
2026-27,606930,2,26-27-prem-coventry-city-vs-hull-city,59.0,1.0,1.0,0.0,0.0,0.0,2.0,0.0,0.0,9.0,1
2026-27,226965,2,26-27-prem-coventry-city-vs-hull-city,19.0,0.0,0.0,0.0,0.0,0.0,2.0,0.0,0.0,0.0,0
2026-27,661888,2,26-27-prem-coventry-city-vs-hull-city,71.0,1.0,0.0,2.0,1.0,0.0,4.0,0.0,0.0,3.0,1
2026-27,216094,2,26-27-prem-liverpool-vs-nottingham-forest,71.0,0.0,0.0,2.0,1.0,0.0,3.0,0.0,0.0,6.0,1
2026-27,449027,2,26-27-prem-liverpool-vs-nottingham-forest,0.0,0.0,0.0,0.0,0.0,0.0,0.0,0.0,0.0,0.0,0
2026-27,243298,2,26-27-prem-liverpool-vs-nottingham-forest,71.0,0.0,0.0,3.0,2.0,0.0,2.0,0.0,0.0,1.0,1
2026-27,597462,2,26-27-prem-coventry-city-vs-hull-city,31.0,0.0,0.0,0.0,0.0,0.0,0.0,0.0,0.0,1.0,0
2026-27,570526,2,26-27-prem-tottenham-hotspur-vs-newcastle-united,0.0,0.0,0.0,0.0,0.0,0.0,0.0,0.0,0.0,0.0,0
2026-27,491279,2,26-27-prem-tottenham-hotspur-vs-newcastle-united,90.0,0.0,0.0,0.0,0.0,0.0,4.0,0.0,0.0,8.0,1
2026-27,470313,2,26-27-prem-tottenham-hotspur-vs-newcastle-united,19.0,1.0,0.0,4.0,1.0,0.0,0.0,0.0,0.0,0.0,0
2026-27,209046,2,26-27-prem-liverpool-vs-nottingham-forest,1.0,0.0,0.0,0.0,0.0,0.0,0.0,0.0,0.0,0.0,0
2026-27,445087,2,26-27-prem-liverpool-vs-nottingham-forest,13.0,0.0,0.0,0.0,0.0,0.0,2.0,0.0,0.0,1.0,0
2026-27,250199,2,26-27-prem-liverpool-vs-nottingham-forest,1.0,0.0,0.0,0.0,0.0,0.0,0.0,0.0,0.0,0.0,0
2026-27,79602,2,26-27-prem-coventry-city-vs-hull-city,0.0,0.0,0.0,0.0,0.0,0.0,0.0,0.0,0.0,0.0,0
2026-27,204813,2,26-27-prem-coventry-city-vs-hull-city,0.0,0.0,0.0,0.0,0.0,0.0,0.0,0.0,0.0,0.0,0
2026-27,436761,2,26-27-prem-coventry-city-vs-hull-city,0.0,0.0,0.0,0.0,0.0,0.0,0.0,0.0,0.0,0.0,0
2026-27,445028,2,26-27-prem-coventry-city-vs-hull-city,45.0,0.0,0.0,0.0,1.0,0.0,1.0,0.0,0.0,2.0,1
2026-27,552946,2,26-27-prem-coventry-city-vs-hull-city,0.0,0.0,0.0,0.0,0.0,0.0,0.0,0.0,0.0,0.0,0
2026-27,490884,2,26-27-prem-coventry-city-vs-hull-city,7.0,0.0,0.0,0.0,0.0,0.0,0.0,0.0,0.0,0.0,0
2026-27,243016,2,26-27-prem-liverpool-vs-nottingham-forest,77.0,0.0,0.0,0.0,0.0,0.0,5.0,0.0,0.0,5.0,1
2026-27,463726,2,26-27-prem-tottenham-hotspur-vs-newcastle-united,90.0,0.0,0.0,0.0,2.0,0.0,5.0,0.0,0.0,8.0,1
2026-27,469142,2,26-27-prem-tottenham-hotspur-vs-newcastle-united,90.0,1.0,1.0,1.0,1.0,0.0,4.0,0.0,0.0,8.0,1
2026-27,232653,2,26-27-prem-tottenham-hotspur-vs-newcastle-united,8.0,0.0,0.0,0.0,0.0,0.0,1.0,0.0,0.0,0.0,0
2026-27,449434,2,26-27-prem-tottenham-hotspur-vs-newcastle-united,82.0,2.0,1.0,6.0,1.0,0.0,1.0,0.0,0.0,2.0,1
2026-27,487053,2,26-27-prem-tottenham-hotspur-vs-newcastle-united,22.0,0.0,0.0,1.0,1.0,0.0,1.0,0.0,0.0,1.0,0
2026-27,465642,2,26-27-prem-tottenham-hotspur-vs-newcastle-united,90.0,0.0,0.0,0.0,0.0,0.0,1.0,0.0,0.0,3.0,1
2026-27,465694,2,26-27-prem-tottenham-hotspur-vs-newcastle-united,71.0,0.0,0.0,0.0,2.0,0.0,2.0,0.0,0.0,2.0,1
2026-27,470551,2,26-27-prem-tottenham-hotspur-vs-newcastle-united,90.0,0.0,0.0,0.0,0.0,0.0,4.0,0.91,0.91,2.0,1
2026-27,438234,2,26-27-prem-tottenham-hotspur-vs-newcastle-united,90.0,3.0,1.0,4.0,3.0,0.0,3.0,0.0,0.0,1.0,1
2026-27,202993,2,26-27-prem-tottenham-hotspur-vs-newcastle-united,90.0,0.0,0.0,0.0,0.0,0.0,6.0,0.0,0.0,5.0,1
2026-27,511499,2,26-27-prem-tottenham-hotspur-vs-newcastle-united,68.0,3.0,1.0,8.0,0.0,0.0,2.0,0.0,0.0,1.0,1
2026-27,568420,2,26-27-prem-liverpool-vs-nottingham-forest,0.0,0.0,0.0,0.0,0.0,0.0,0.0,0.0,0.0,0.0,0
2026-27,463034,2,26-27-prem-liverpool-vs-nottingham-forest,24.0,1.0,0.0,2.0,1.0,0.0,0.0,0.0,0.0,0.0,0
2026-27,119471,2,26-27-prem-tottenham-hotspur-vs-newcastle-united,0.0,0.0,0.0,0.0,0.0,0.0,0.0,0.0,0.0,0.0,0
2026-27,591386,2,26-27-prem-liverpool-vs-nottingham-forest,13.0,0.0,0.0,0.0,0.0,0.0,2.0,0.0,0.0,3.0,0
2026-27,154566,2,26-27-prem-tottenham-hotspur-vs-newcastle-united,15.0,1.0,1.0,2.0,0.0,0.0,0.0,0.0,0.0,0.0,0
2026-27,223723,2,26-27-prem-crystal-palace-vs-manchester-city,74.0,0.0,0.0,1.0,0.0,0.0,3.0,0.0,0.0,8.0,1
2026-27,201666,2,26-27-prem-tottenham-hotspur-vs-newcastle-united,89.0,1.0,0.0,3.0,2.0,0.0,0.0,0.0,0.0,4.0,1
2026-27,114243,2,26-27-prem-tottenham-hotspur-vs-newcastle-united,8.0,0.0,0.0,1.0,0.0,0.0,2.0,0.0,0.0,1.0,0
2026-27,432422,2,26-27-prem-tottenham-hotspur-vs-newcastle-united,75.0,1.0,0.0,1.0,2.0,0.0,3.0,0.0,0.0,1.0,1
2026-27,122798,2,26-27-prem-tottenham-hotspur-vs-newcastle-united,68.0,1.0,1.0,5.0,1.0,0.0,1.0,0.0,0.0,3.0,1
2026-27,460842,2,26-27-prem-tottenham-hotspur-vs-newcastle-united,22.0,1.0,0.0,4.0,0.0,0.0,2.0,0.0,0.0,0.0,0
2026-27,220237,2,26-27-prem-tottenham-hotspur-vs-newcastle-united,90.0,1.0,0.0,0.0,0.0,0.0,4.0,0.0,0.0,5.0,1
2026-27,200089,2,26-27-prem-tottenham-hotspur-vs-newcastle-united,71.0,3.0,0.0,1.0,0.0,0.0,1.0,0.0,0.0,1.0,1
2026-27,215379,2,26-27-prem-crystal-palace-vs-manchester-city,82.0,2.0,1.0,1.0,1.0,0.0,5.0,0.0,0.0,9.0,1
2026-27,480457,2,26-27-prem-coventry-city-vs-hull-city,71.0,1.0,0.0,1.0,2.0,0.0,4.0,0.0,0.0,2.0,1
2026-27,432714,2,26-27-prem-liverpool-vs-nottingham-forest,89.0,0.0,0.0,0.0,1.0,0.0,5.0,0.0,0.0,3.0,1
2026-27,485055,2,26-27-prem-tottenham-hotspur-vs-newcastle-united,90.0,0.0,0.0,0.0,0.0,0.0,6.0,-1.31,0.69,0.0,1
2026-27,551226,2,26-27-prem-tottenham-hotspur-vs-newcastle-united,90.0,1.0,0.0,0.0,3.0,0.0,5.0,0.0,0.0,3.0,1
2026-27,473284,2,26-27-prem-coventry-city-vs-hull-city,90.0,0.0,0.0,0.0,0.0,0.0,11.0,1.33,1.33,0.0,1
2026-27,230650,2,26-27-prem-afc-bournemouth-vs-everton,0.0,0.0,0.0,0.0,0.0,0.0,0.0,0.0,0.0,0.0,0
2026-27,547701,2,26-27-prem-tottenham-hotspur-vs-newcastle-united,68.0,0.0,0.0,0.0,0.0,0.0,3.0,0.0,0.0,3.0,1
2026-27,513466,2,26-27-prem-afc-bournemouth-vs-everton,86.0,0.0,0.0,0.0,0.0,0.0,4.0,0.0,0.0,5.0,1
2026-27,499721,2,26-27-prem-tottenham-hotspur-vs-newcastle-united,22.0,1.0,0.0,0.0,0.0,0.0,1.0,0.0,0.0,0.0,0
2026-27,611665,2,26-27-prem-tottenham-hotspur-vs-newcastle-united,1.0,0.0,0.0,0.0,0.0,0.0,0.0,0.0,0.0,0.0,0
2026-27,636852,2,26-27-prem-tottenham-hotspur-vs-newcastle-united,19.0,0.0,0.0,0.0,0.0,0.0,0.0,0.0,0.0,3.0,0
2026-27,167825,2,26-27-prem-coventry-city-vs-hull-city,0.0,0.0,0.0,0.0,0.0,0.0,0.0,0.0,0.0,0.0,0
2026-27,553746,2,26-27-prem-tottenham-hotspur-vs-newcastle-united,0.0,0.0,0.0,0.0,0.0,0.0,0.0,0.0,0.0,0.0,0
2026-27,554578,2,26-27-prem-tottenham-hotspur-vs-newcastle-united,0.0,0.0,0.0,0.0,0.0,0.0,0.0,0.0,0.0,0.0,0
2026-27,632794,2,26-27-prem-tottenham-hotspur-vs-newcastle-united,0.0,0.0,0.0,0.0,0.0,0.0,0.0,0.0,0.0,0.0,0
2026-27,547719,2,26-27-prem-tottenham-hotspur-vs-newcastle-united,90.0,0.0,0.0,0.0,1.0,0.0,6.0,0.0,0.0,3.0,1
2026-27,169359,2,26-27-prem-coventry-city-vs-hull-city,0.0,0.0,0.0,0.0,0.0,0.0,0.0,0.0,0.0,0.0,0
2026-27,160817,2,26-27-prem-coventry-city-vs-hull-city,0.0,0.0,0.0,0.0,0.0,0.0,0.0,0.0,0.0,0.0,0
2026-27,194010,2,26-27-prem-leeds-united-vs-brentford,2.0,0.0,0.0,0.0,0.0,0.0,0.0,0.0,0.0,0.0,0
2026-27,174594,2,26-27-prem-leeds-united-vs-brentford,21.0,1.0,0.0,2.0,2.0,0.0,1.0,0.0,0.0,0.0,0
2026-27,434752,2,26-27-prem-leeds-united-vs-brentford,45.0,0.0,0.0,0.0,0.0,0.0,2.0,0.0,0.0,5.0,1
2026-27,513086,2,26-27-prem-leeds-united-vs-brentford,0.0,0.0,0.0,0.0,0.0,0.0,0.0,0.0,0.0,0.0,0
2026-27,177815,2,26-27-prem-leeds-united-vs-brentford,90.0,1.0,1.0,2.0,0.0,0.0,1.0,0.0,0.0,3.0,1
2026-27,204580,2,26-27-prem-leeds-united-vs-brentford,90.0,0.0,0.0,2.0,2.0,0.0,2.0,0.0,0.0,8.0,1
2026-27,220627,2,26-27-prem-leeds-united-vs-brentford,90.0,1.0,1.0,1.0,1.0,0.0,3.0,0.0,0.0,8.0,1
2026-27,153682,2,26-27-prem-leeds-united-vs-brentford,45.0,1.0,0.0,2.0,1.0,0.0,3.0,0.0,0.0,3.0,0
2026-27,173774,2,26-27-prem-leeds-united-vs-brentford,56.0,0.0,0.0,3.0,0.0,0.0,4.0,0.0,0.0,6.0,0
2026-27,191866,2,26-27-prem-leeds-united-vs-brentford,90.0,0.0,0.0,1.0,2.0,0.0,2.0,0.0,0.0,17.0,1
2026-27,226182,2,26-27-prem-leeds-united-vs-brentford,68.0,0.0,0.0,2.0,1.0,0.0,5.0,0.0,0.0,7.0,1
2026-27,522047,2,26-27-prem-leeds-united-vs-brentford,90.0,0.0,0.0,1.0,0.0,0.0,3.0,0.0,0.0,19.0,1
2026-27,75115,2,26-27-prem-leeds-united-vs-brentford,2.0,1.0,0.0,2.0,0.0,0.0,1.0,0.0,0.0,0.0,0
2026-27,243526,2,26-27-prem-leeds-united-vs-brentford,0.0,0.0,0.0,0.0,0.0,0.0,0.0,0.0,0.0,0.0,0
2026-27,180135,2,26-27-prem-leeds-united-vs-brentford,0.0,0.0,0.0,0.0,0.0,0.0,0.0,0.0,0.0,0.0,0
2026-27,507433,2,26-27-prem-leeds-united-vs-brentford,0.0,0.0,0.0,0.0,0.0,0.0,0.0,0.0,0.0,0.0,0
2026-27,244858,2,26-27-prem-leeds-united-vs-brentford,0.0,0.0,0.0,0.0,0.0,0.0,0.0,0.0,0.0,0.0,0
2026-27,492859,2,26-27-prem-leeds-united-vs-brentford,0.0,0.0,0.0,0.0,0.0,0.0,0.0,0.0,0.0,0.0,0
2026-27,80201,2,26-27-prem-sunderland-vs-fulham,90.0,0.0,0.0,0.0,0.0,0.0,8.0,0.33,1.33,2.0,1
2026-27,432830,2,26-27-prem-leeds-united-vs-brentford,90.0,3.0,1.0,4.0,0.0,0.0,8.0,0.0,0.0,13.0,1
2026-27,472713,2,26-27-prem-leeds-united-vs-brentford,2.0,0.0,0.0,0.0,0.0,0.0,0.0,0.0,0.0,1.0,0
2026-27,513418,2,26-27-prem-leeds-united-vs-brentford,88.0,3.0,1.0,7.0,1.0,0.0,4.0,0.0,0.0,5.0,1
2026-27,115556,2,26-27-prem-tottenham-hotspur-vs-newcastle-united,0.0,0.0,0.0,0.0,0.0,0.0,0.0,0.0,0.0,0.0,0
2026-27,508395,2,26-27-prem-leeds-united-vs-brentford,21.0,0.0,0.0,2.0,1.0,0.0,0.0,0.0,0.0,0.0,0
2026-27,221466,2,26-27-prem-tottenham-hotspur-vs-newcastle-united,0.0,0.0,0.0,0.0,0.0,0.0,0.0,0.0,0.0,0.0,0
2026-27,232787,2,26-27-prem-tottenham-hotspur-vs-newcastle-united,0.0,0.0,0.0,0.0,0.0,0.0,0.0,0.0,0.0,0.0,0
2026-27,466525,2,26-27-prem-leeds-united-vs-brentford,90.0,1.0,0.0,1.0,1.0,0.0,4.0,0.0,0.0,12.0,1
2026-27,435997,2,26-27-prem-leeds-united-vs-brentford,69.0,2.0,0.0,2.0,0.0,0.0,0.0,0.0,0.0,2.0,1
2026-27,444180,2,26-27-prem-leeds-united-vs-brentford,61.0,2.0,0.0,5.0,2.0,0.0,1.0,0.0,0.0,0.0,1
2026-27,248056,2,26-27-prem-leeds-united-vs-brentford,45.0,0.0,0.0,0.0,0.0,0.0,3.0,0.0,0.0,8.0,0
2026-27,84450,2,26-27-prem-sunderland-vs-fulham,90.0,0.0,0.0,0.0,4.0,0.0,6.0,0.0,0.0,1.0,1
2026-27,427637,2,26-27-prem-leeds-united-vs-brentford,45.0,0.0,0.0,0.0,0.0,0.0,1.0,0.0,0.0,2.0,1
2026-27,86873,2,26-27-prem-sunderland-vs-fulham,0.0,0.0,0.0,0.0,0.0,0.0,0.0,0.0,0.0,0.0,0
2026-27,93605,2,26-27-prem-sunderland-vs-fulham,90.0,1.0,1.0,1.0,1.0,0.0,5.0,0.0,0.0,8.0,1
2026-27,166477,2,26-27-prem-sunderland-vs-fulham,68.0,0.0,0.0,0.0,0.0,0.0,2.0,0.0,0.0,2.0,1
2026-27,167512,2,26-27-prem-sunderland-vs-fulham,0.0,0.0,0.0,0.0,0.0,0.0,0.0,0.0,0.0,0.0,0
2026-27,174874,2,26-27-prem-sunderland-vs-fulham,90.0,0.0,0.0,1.0,1.0,0.0,2.0,0.0,0.0,8.0,1
2026-27,153366,2,26-27-prem-sunderland-vs-fulham,0.0,0.0,0.0,0.0,0.0,0.0,0.0,0.0,0.0,0.0,0
2026-27,207189,2,26-27-prem-sunderland-vs-fulham,83.0,0.0,0.0,1.0,2.0,0.0,2.0,0.0,0.0,0.0,1
2026-27,201895,2,26-27-prem-sunderland-vs-fulham,0.0,0.0,0.0,0.0,0.0,0.0,0.0,0.0,0.0,0.0,0
2026-27,216646,2,26-27-prem-tottenham-hotspur-vs-newcastle-united,82.0,2.0,1.0,5.0,1.0,0.0,4.0,0.0,0.0,2.0,1
2026-27,441164,2,26-27-prem-tottenham-hotspur-vs-newcastle-united,90.0,4.0,1.0,7.0,0.0,0.0,2.0,0.0,0.0,4.0,1
2026-27,246301,2,26-27-prem-sunderland-vs-fulham,0.0,0.0,0.0,0.0,0.0,0.0,0.0,0.0,0.0,0.0,0
2026-27,487838,2,26-27-prem-tottenham-hotspur-vs-newcastle-united,90.0,1.0,0.0,1.0,1.0,0.0,6.0,0.0,0.0,13.0,1
2026-27,244042,2,26-27-prem-sunderland-vs-fulham,0.0,0.0,0.0,0.0,0.0,0.0,0.0,0.0,0.0,0.0,0
2026-27,515046,2,26-27-prem-sunderland-vs-fulham,0.0,0.0,0.0,0.0,0.0,0.0,0.0,0.0,0.0,0.0,0
2026-27,549912,2,26-27-prem-sunderland-vs-fulham,0.0,0.0,0.0,0.0,0.0,0.0,0.0,0.0,0.0,0.0,0
2026-27,560552,2,26-27-prem-sunderland-vs-fulham,7.0,0.0,0.0,0.0,0.0,0.0,0.0,0.0,0.0,0.0,0
2026-27,484420,2,26-27-prem-sunderland-vs-fulham,89.0,4.0,1.0,5.0,1.0,0.0,4.0,0.0,0.0,2.0,1
2026-27,461199,2,26-27-prem-sunderland-vs-fulham,1.0,1.0,1.0,1.0,0.0,0.0,0.0,0.0,0.0,1.0,0
2026-27,551466,2,26-27-prem-sunderland-vs-fulham,90.0,3.0,0.0,6.0,0.0,0.0,2.0,0.0,0.0,2.0,1
2026-27,153133,2,26-27-prem-sunderland-vs-fulham,90.0,1.0,0.0,0.0,2.0,0.0,2.0,0.0,0.0,2.0,1
2026-27,577669,2,26-27-prem-sunderland-vs-fulham,90.0,1.0,0.0,2.0,0.0,0.0,2.0,0.0,0.0,9.0,1
2026-27,498016,2,26-27-prem-sunderland-vs-fulham,90.0,0.0,0.0,0.0,0.0,0.0,7.0,0.0,0.0,2.0,1
2026-27,577725,2,26-27-prem-sunderland-vs-fulham,90.0,2.0,0.0,8.0,0.0,0.0,1.0,0.0,0.0,3.0,1
2026-27,437505,2,26-27-prem-sunderland-vs-fulham,26.0,3.0,1.0,3.0,0.0,0.0,0.0,0.0,0.0,0.0,0
2026-27,209289,2,26-27-prem-sunderland-vs-fulham,14.0,1.0,0.0,2.0,2.0,0.0,1.0,0.0,0.0,0.0,0
2026-27,441264,2,26-27-prem-sunderland-vs-fulham,64.0,1.0,0.0,2.0,0.0,0.0,3.0,0.0,0.0,1.0,1
2026-27,223827,2,26-27-prem-sunderland-vs-fulham,90.0,1.0,0.0,2.0,0.0,0.0,1.0,0.0,0.0,10.0,1
2026-27,463210,2,26-27-prem-sunderland-vs-fulham,22.0,2.0,0.0,1.0,0.0,0.0,1.0,0.0,0.0,1.0,0
2026-27,547027,2,26-27-prem-sunderland-vs-fulham,18.0,0.0,0.0,0.0,1.0,0.0,0.0,0.0,0.0,0.0,0
2026-27,536661,2,26-27-prem-sunderland-vs-fulham,65.0,0.0,0.0,0.0,1.0,0.0,4.0,0.0,0.0,1.0,1
2026-27,184349,2,26-27-prem-sunderland-vs-fulham,22.0,1.0,0.0,3.0,0.0,0.0,1.0,0.0,0.0,1.0,0
2026-27,232892,2,26-27-prem-sunderland-vs-fulham,90.0,0.0,0.0,0.0,0.0,0.0,6.0,0.0,0.0,7.0,1
2026-27,554197,2,26-27-prem-sunderland-vs-fulham,7.0,0.0,0.0,0.0,0.0,0.0,0.0,0.0,0.0,0.0,0
2026-27,571779,2,26-27-prem-sunderland-vs-fulham,76.0,1.0,0.0,1.0,0.0,0.0,6.0,0.0,0.0,3.0,1
2026-27,498444,2,26-27-prem-chelsea-vs-brighton-hove-albion,18.0,0.0,0.0,0.0,0.0,0.0,1.0,0.0,0.0,3.0,0
2026-27,465730,2,26-27-prem-chelsea-vs-brighton-hove-albion,90.0,1.0,0.0,1.0,1.0,0.0,3.0,0.0,0.0,2.0,1
2026-27,486672,2,26-27-prem-chelsea-vs-brighton-hove-albion,14.0,0.0,0.0,0.0,0.0,0.0,0.0,0.0,0.0,0.0,0
2026-27,612855,2,26-27-prem-chelsea-vs-brighton-hove-albion,16.0,0.0,0.0,1.0,0.0,0.0,0.0,0.0,0.0,1.0,0
2026-27,460028,2,26-27-prem-chelsea-vs-brighton-hove-albion,72.0,0.0,0.0,0.0,0.0,0.0,2.0,0.0,0.0,9.0,1
2026-27,489639,2,26-27-prem-chelsea-vs-brighton-hove-albion,90.0,0.0,0.0,0.0,0.0,0.0,14.0,-1.4,2.6,0.0,1
2026-27,538007,2,26-27-prem-chelsea-vs-brighton-hove-albion,10.0,0.0,0.0,0.0,0.0,0.0,0.0,0.0,0.0,0.0,0
2026-27,543158,2,26-27-prem-chelsea-vs-brighton-hove-albion,8.0,1.0,0.0,1.0,0.0,0.0,0.0,0.0,0.0,1.0,0
2026-27,577016,2,26-27-prem-chelsea-vs-brighton-hove-albion,22.0,0.0,0.0,0.0,0.0,0.0,0.0,0.0,0.0,3.0,0
2026-27,551210,2,26-27-prem-chelsea-vs-brighton-hove-albion,90.0,0.0,0.0,0.0,2.0,0.0,3.0,0.0,0.0,6.0,1
2026-27,610799,2,26-27-prem-chelsea-vs-brighton-hove-albion,90.0,2.0,0.0,1.0,0.0,0.0,3.0,0.0,0.0,8.0,1
2026-27,611695,2,26-27-prem-chelsea-vs-brighton-hove-albion,74.0,2.0,2.0,6.0,1.0,0.0,2.0,0.0,0.0,5.0,1
2026-27,83299,2,26-27-prem-chelsea-vs-brighton-hove-albion,90.0,0.0,0.0,0.0,0.0,0.0,4.0,0.0,0.0,3.0,1
2026-27,98980,2,26-27-prem-chelsea-vs-brighton-hove-albion,90.0,0.0,0.0,0.0,2.0,0.0,13.0,0.61,2.61,1.0,1
2026-27,204120,2,26-27-prem-chelsea-vs-brighton-hove-albion,90.0,1.0,1.0,2.0,1.0,0.0,2.0,0.0,0.0,3.0,1
2026-27,231416,2,26-27-prem-chelsea-vs-brighton-hove-albion,90.0,1.0,0.0,2.0,1.0,0.0,2.0,0.0,0.0,0.0,1
2026-27,225796,2,26-27-prem-chelsea-vs-brighton-hove-albion,22.0,0.0,0.0,1.0,0.0,0.0,1.0,0.0,0.0,0.0,0
2026-27,247632,2,26-27-prem-chelsea-vs-brighton-hove-albion,68.0,2.0,2.0,4.0,2.0,0.0,1.0,0.0,0.0,3.0,1
2026-27,244850,2,26-27-prem-chelsea-vs-brighton-hove-albion,90.0,3.0,0.0,7.0,4.0,0.0,3.0,0.0,0.0,2.0,1
2026-27,444463,2,26-27-prem-chelsea-vs-brighton-hove-albion,68.0,0.0,0.0,0.0,0.0,0.0,0.0,0.0,0.0,9.0,1
2026-27,437499,2,26-27-prem-chelsea-vs-brighton-hove-albion,90.0,1.0,0.0,2.0,0.0,0.0,1.0,0.0,0.0,9.0,1
2026-27,467779,2,26-27-prem-chelsea-vs-brighton-hove-albion,80.0,1.0,0.0,1.0,0.0,0.0,4.0,0.0,0.0,7.0,1
2026-27,475168,2,26-27-prem-chelsea-vs-brighton-hove-albion,90.0,5.0,2.0,9.0,2.0,0.0,2.0,0.0,0.0,1.0,1
2026-27,451490,2,26-27-prem-chelsea-vs-brighton-hove-albion,10.0,0.0,0.0,0.0,0.0,0.0,0.0,0.0,0.0,0.0,0
2026-27,244851,2,26-27-prem-chelsea-vs-brighton-hove-albion,90.0,4.0,1.0,4.0,2.0,0.0,4.0,0.0,0.0,4.0,1
2026-27,430871,2,26-27-prem-manchester-united-vs-ipswich-town,80.0,2.0,1.0,6.0,2.0,0.0,2.0,0.0,0.0,0.0,1
2026-27,455084,2,26-27-prem-manchester-united-vs-ipswich-town,90.0,2.0,2.0,2.0,1.0,0.0,1.0,0.0,0.0,4.0,1
2026-27,474120,2,26-27-prem-manchester-united-vs-ipswich-town,90.0,3.0,1.0,2.0,1.0,0.0,7.0,0.0,0.0,1.0,1
2026-27,240514,2,26-27-prem-manchester-united-vs-ipswich-town,90.0,0.0,0.0,0.0,0.0,0.0,13.0,0.7,4.7,4.0,1
2026-27,221820,2,26-27-prem-manchester-united-vs-ipswich-town,90.0,1.0,0.0,1.0,0.0,0.0,6.0,0.0,0.0,0.0,1
2026-27,485711,2,26-27-prem-manchester-united-vs-ipswich-town,10.0,0.0,0.0,1.0,1.0,0.0,3.0,0.0,0.0,0.0,0
2026-27,449429,2,26-27-prem-manchester-united-vs-ipswich-town,90.0,0.0,0.0,0.0,0.0,0.0,4.0,0.0,0.0,10.0,1
2026-27,461587,2,26-27-prem-manchester-united-vs-ipswich-town,7.0,0.0,0.0,0.0,0.0,0.0,1.0,0.0,0.0,0.0,0
2026-27,501390,2,26-27-prem-manchester-united-vs-ipswich-town,62.0,0.0,0.0,1.0,1.0,0.0,4.0,0.0,0.0,5.0,1
2026-27,465247,2,26-27-prem-manchester-united-vs-ipswich-town,90.0,0.0,0.0,0.0,0.0,0.0,6.0,0.49,2.49,1.0,1
2026-27,516895,2,26-27-prem-manchester-united-vs-ipswich-town,80.0,3.0,0.0,1.0,0.0,0.0,10.0,0.0,0.0,5.0,1
2026-27,543968,2,26-27-prem-manchester-united-vs-ipswich-town,45.0,0.0,0.0,1.0,1.0,0.0,0.0,0.0,0.0,1.0,1
2026-27,572584,2,26-27-prem-manchester-united-vs-ipswich-town,17.0,0.0,0.0,0.0,0.0,0.0,1.0,0.0,0.0,0.0,0
2026-27,550864,2,26-27-prem-manchester-united-vs-ipswich-town,16.0,0.0,0.0,0.0,0.0,0.0,1.0,0.0,0.0,2.0,0
2026-27,532605,2,26-27-prem-manchester-united-vs-ipswich-town,10.0,0.0,0.0,0.0,0.0,0.0,2.0,0.0,0.0,3.0,0
2026-27,596777,2,26-27-prem-manchester-united-vs-ipswich-town,10.0,2.0,1.0,3.0,1.0,0.0,0.0,0.0,0.0,2.0,0
2026-27,147675,2,26-27-prem-manchester-united-vs-ipswich-town,45.0,1.0,1.0,1.0,0.0,0.0,0.0,0.0,0.0,0.0,0
2026-27,141746,2,26-27-prem-manchester-united-vs-ipswich-town,90.0,8.0,3.0,5.0,3.0,0.0,5.0,0.0,0.0,3.0,1
2026-27,166989,2,26-27-prem-manchester-united-vs-ipswich-town,90.0,3.0,2.0,3.0,4.0,0.0,7.0,0.0,0.0,6.0,1
2026-27,212314,2,26-27-prem-manchester-united-vs-ipswich-town,73.0,1.0,0.0,0.0,1.0,0.0,1.0,0.0,0.0,10.0,1
2026-27,176420,2,26-27-prem-manchester-united-vs-ipswich-town,17.0,0.0,0.0,0.0,0.0,0.0,0.0,0.0,0.0,3.0,0
2026-27,219924,2,26-27-prem-manchester-united-vs-ipswich-town,90.0,0.0,0.0,0.0,0.0,0.0,4.0,0.0,0.0,12.0,1
2026-27,442967,2,26-27-prem-manchester-united-vs-ipswich-town,73.0,1.0,1.0,2.0,0.0,0.0,1.0,0.0,0.0,4.0,1
2026-27,230001,2,26-27-prem-manchester-united-vs-ipswich-town,17.0,0.0,0.0,0.0,0.0,0.0,0.0,0.0,0.0,0.0,0
2026-27,216616,2,26-27-prem-manchester-united-vs-ipswich-town,90.0,1.0,0.0,2.0,0.0,0.0,2.0,0.0,0.0,1.0,1
2026-27,176297,2,26-27-prem-manchester-united-vs-ipswich-town,80.0,4.0,2.0,7.0,3.0,0.0,3.0,0.0,0.0,3.0,1
2026-27,446008,2,26-27-prem-manchester-united-vs-ipswich-town,90.0,5.0,1.0,7.0,3.0,0.0,2.0,0.0,0.0,3.0,1
2026-27,531442,2,26-27-prem-manchester-united-vs-ipswich-town,83.0,0.0,0.0,1.0,3.0,0.0,2.0,0.0,0.0,2.0,1
2026-27,60307,2,26-27-prem-chelsea-vs-brighton-hove-albion,90.0,1.0,1.0,4.0,2.0,0.0,3.0,0.0,0.0,3.0,1
2026-27,456512,2,26-27-prem-liverpool-vs-nottingham-forest,66.0,3.0,1.0,7.0,2.0,0.0,8.0,0.0,0.0,1.0,1
2026-27,514254,2,26-27-prem-chelsea-vs-brighton-hove-albion,90.0,5.0,1.0,8.0,1.0,0.0,2.0,0.0,0.0,3.0,1
2026-27,616069,2,26-27-prem-sunderland-vs-fulham,0.0,0.0,0.0,0.0,0.0,0.0,0.0,0.0,0.0,0.0,0
2026-27,494595,2,26-27-prem-liverpool-vs-nottingham-forest,90.0,2.0,1.0,2.0,1.0,0.0,7.0,0.0,0.0,3.0,1
2026-27,59735,2,26-27-prem-manchester-united-vs-ipswich-town,0.0,0.0,0.0,0.0,0.0,0.0,0.0,0.0,0.0,0.0,0
2026-27,169528,2,26-27-prem-sunderland-vs-fulham,90.0,0.0,0.0,0.0,0.0,0.0,2.0,0.0,0.0,3.0,1
2026-27,218543,2,26-27-prem-manchester-united-vs-ipswich-town,28.0,0.0,0.0,1.0,1.0,0.0,3.0,0.0,0.0,3.0,0
2026-27,249231,2,26-27-prem-leeds-united-vs-brentford,88.0,1.0,0.0,0.0,2.0,0.0,6.0,0.0,0.0,5.0,1
2026-27,97846,2,26-27-prem-leeds-united-vs-brentford,0.0,0.0,0.0,0.0,0.0,0.0,0.0,0.0,0.0,0.0,0
2026-27,106760,2,26-27-prem-manchester-united-vs-ipswich-town,73.0,0.0,0.0,2.0,0.0,0.0,2.0,0.0,0.0,8.0,1
2026-27,440089,2,26-27-prem-leeds-united-vs-brentford,69.0,2.0,1.0,4.0,2.0,0.0,5.0,0.0,0.0,4.0,1
2026-27,613804,2,26-27-prem-leeds-united-vs-brentford,0.0,0.0,0.0,0.0,0.0,0.0,0.0,0.0,0.0,0.0,0
2026-27,512123,2,26-27-prem-chelsea-vs-brighton-hove-albion,0.0,0.0,0.0,0.0,0.0,0.0,0.0,0.0,0.0,0.0,0
2026-27,607464,2,26-27-prem-leeds-united-vs-brentford,88.0,1.0,0.0,3.0,1.0,0.0,4.0,0.0,0.0,4.0,1
2026-27,647850,2,26-27-prem-chelsea-vs-brighton-hove-albion,80.0,1.0,1.0,1.0,1.0,0.0,6.0,0.0,0.0,0.0,1
2026-27,696104,2,26-27-prem-sunderland-vs-fulham,0.0,0.0,0.0,0.0,0.0,0.0,0.0,0.0,0.0,0.0,0
2026-27,108813,2,26-27-prem-manchester-united-vs-ipswich-town,0.0,0.0,0.0,0.0,0.0,0.0,0.0,0.0,0.0,0.0,0
2026-27,477555,2,26-27-prem-sunderland-vs-fulham,68.0,0.0,0.0,3.0,1.0,0.0,2.0,0.0,0.0,3.0,1
2026-27,183015,2,26-27-prem-manchester-united-vs-ipswich-town,0.0,0.0,0.0,0.0,0.0,0.0,0.0,0.0,0.0,0.0,0
2026-27,443261,2,26-27-prem-manchester-united-vs-ipswich-town,0.0,0.0,0.0,0.0,0.0,0.0,0.0,0.0,0.0,0.0,0
2026-27,519324,2,26-27-prem-chelsea-vs-brighton-hove-albion,0.0,0.0,0.0,0.0,0.0,0.0,0.0,0.0,0.0,0.0,0
2026-27,549939,2,26-27-prem-chelsea-vs-brighton-hove-albion,0.0,0.0,0.0,0.0,0.0,0.0,0.0,0.0,0.0,0.0,0
2026-27,556637,2,26-27-prem-chelsea-vs-brighton-hove-albion,0.0,0.0,0.0,0.0,0.0,0.0,0.0,0.0,0.0,0.0,0
2026-27,624773,2,26-27-prem-chelsea-vs-brighton-hove-albion,0.0,0.0,0.0,0.0,0.0,0.0,0.0,0.0,0.0,0.0,0
2026-27,517052,2,26-27-prem-aston-villa-vs-arsenal,71.0,0.0,0.0,1.0,0.0,0.0,3.0,0.0,0.0,0.0,1
2026-27,499169,2,26-27-prem-aston-villa-vs-arsenal,71.0,1.0,0.0,1.0,0.0,0.0,1.0,0.0,0.0,4.0,1
2026-27,154561,2,26-27-prem-aston-villa-vs-arsenal,90.0,0.0,0.0,0.0,0.0,0.0,11.0,0.0,0.0,1.0,1
2026-27,433969,2,26-27-prem-aston-villa-vs-arsenal,90.0,0.0,0.0,0.0,0.0,0.0,9.0,-0.2,0.8,2.0,1
2026-27,493105,2,26-27-prem-aston-villa-vs-arsenal,12.0,0.0,0.0,0.0,0.0,0.0,2.0,0.0,0.0,0.0,0
2026-27,653481,2,26-27-prem-aston-villa-vs-arsenal,19.0,0.0,0.0,1.0,0.0,0.0,1.0,0.0,0.0,1.0,0
2026-27,195384,2,26-27-prem-aston-villa-vs-arsenal,19.0,0.0,0.0,0.0,0.0,0.0,4.0,0.0,0.0,0.0,0
2026-27,223340,2,26-27-prem-aston-villa-vs-arsenal,90.0,2.0,1.0,6.0,0.0,0.0,6.0,0.0,0.0,5.0,1
2026-27,441302,2,26-27-prem-aston-villa-vs-arsenal,90.0,2.0,0.0,4.0,0.0,0.0,2.0,0.0,0.0,8.0,1
2026-27,466075,2,26-27-prem-aston-villa-vs-arsenal,90.0,1.0,0.0,2.0,1.0,0.0,4.0,0.0,0.0,3.0,1
2026-27,439509,2,26-27-prem-aston-villa-vs-arsenal,45.0,0.0,0.0,2.0,1.0,0.0,2.0,0.0,0.0,1.0,1
2026-27,200720,2,26-27-prem-leeds-united-vs-brentford,90.0,0.0,0.0,0.0,0.0,0.0,4.0,0.17,1.17,2.0,1
2026-27,122806,2,26-27-prem-aston-villa-vs-arsenal,90.0,2.0,0.0,4.0,1.0,0.0,2.0,0.0,0.0,2.0,1
2026-27,184029,2,26-27-prem-aston-villa-vs-arsenal,71.0,1.0,0.0,2.0,0.0,0.0,1.0,0.0,0.0,4.0,1
2026-27,216051,2,26-27-prem-manchester-united-vs-ipswich-town,74.0,4.0,1.0,6.0,3.0,0.0,1.0,0.0,0.0,4.0,1
2026-27,214225,2,26-27-prem-leeds-united-vs-brentford,34.0,0.0,0.0,1.0,0.0,0.0,1.0,0.0,0.0,4.0,1
2026-27,204480,2,26-27-prem-aston-villa-vs-arsenal,85.0,0.0,0.0,0.0,2.0,0.0,7.0,0.0,0.0,5.0,1
2026-27,500040,2,26-27-prem-aston-villa-vs-arsenal,79.0,0.0,0.0,0.0,0.0,0.0,0.0,0.0,0.0,4.0,1
2026-27,200617,2,26-27-prem-leeds-united-vs-brentford,22.0,4.0,0.0,2.0,0.0,0.0,2.0,0.0,0.0,0.0,0
2026-27,481655,2,26-27-prem-aston-villa-vs-arsenal,5.0,0.0,0.0,0.0,0.0,0.0,0.0,0.0,0.0,2.0,0
2026-27,214590,2,26-27-prem-aston-villa-vs-arsenal,12.0,0.0,0.0,0.0,0.0,0.0,0.0,0.0,0.0,2.0,0
2026-27,232413,2,26-27-prem-aston-villa-vs-arsenal,45.0,0.0,0.0,1.0,0.0,0.0,3.0,0.0,0.0,0.0,0
2026-27,173879,2,26-27-prem-aston-villa-vs-arsenal,19.0,0.0,0.0,0.0,0.0,0.0,0.0,0.0,0.0,0.0,0
2026-27,219847,2,26-27-prem-aston-villa-vs-arsenal,90.0,1.0,1.0,4.0,0.0,0.0,5.0,0.0,0.0,0.0,1
2026-27,434399,2,26-27-prem-sunderland-vs-fulham,90.0,0.0,0.0,1.0,0.0,0.0,3.0,0.0,0.0,7.0,1
2026-27,244954,2,26-27-prem-aston-villa-vs-arsenal,90.0,0.0,0.0,0.0,0.0,0.0,8.0,0.0,0.0,4.0,1
2026-27,198869,2,26-27-prem-aston-villa-vs-arsenal,90.0,0.0,0.0,0.0,1.0,0.0,2.0,0.0,0.0,4.0,1
2026-27,199598,2,26-27-prem-leeds-united-vs-brentford,90.0,1.0,0.0,0.0,1.0,0.0,3.0,0.0,0.0,7.0,1
2026-27,195546,2,26-27-prem-aston-villa-vs-arsenal,90.0,1.0,0.0,4.0,1.0,0.0,4.0,0.0,0.0,1.0,1
2026-27,226597,2,26-27-prem-aston-villa-vs-arsenal,90.0,1.0,0.0,2.0,0.0,0.0,5.0,0.0,0.0,10.0,1
2026-27,514514,2,26-27-prem-liverpool-vs-nottingham-forest,0.0,0.0,0.0,0.0,0.0,0.0,0.0,0.0,0.0,0.0,0
2026-27,199798,2,26-27-prem-aston-villa-vs-arsenal,11.0,0.0,0.0,0.0,0.0,0.0,0.0,0.0,0.0,1.0,0
2026-27,184667,2,26-27-prem-aston-villa-vs-arsenal,90.0,0.0,0.0,0.0,0.0,0.0,1.0,0.0,0.0,7.0,1
2026-27,199796,2,26-27-prem-aston-villa-vs-arsenal,78.0,1.0,0.0,2.0,0.0,0.0,1.0,0.0,0.0,6.0,1
2026-27,577285,2,26-27-prem-aston-villa-vs-arsenal,71.0,0.0,0.0,0.0,0.0,0.0,4.0,0.0,0.0,2.0,1
2026-27,208706,2,26-27-prem-aston-villa-vs-arsenal,19.0,0.0,0.0,1.0,0.0,0.0,3.0,0.0,0.0,0.0,0
2026-27,502500,2,26-27-prem-leeds-united-vs-brentford,90.0,5.0,2.0,8.0,0.0,0.0,3.0,0.0,0.0,1.0,1
2026-27,200834,2,26-27-prem-sunderland-vs-fulham,90.0,0.0,0.0,1.0,0.0,0.0,4.0,0.0,0.0,19.0,1
2026-27,487676,2,26-27-prem-sunderland-vs-fulham,90.0,0.0,0.0,1.0,1.0,0.0,4.0,0.0,0.0,6.0,1
2026-27,226944,2,26-27-prem-aston-villa-vs-arsenal,90.0,0.0,0.0,0.0,1.0,0.0,4.0,0.0,0.0,4.0,1
2026-27,533463,2,26-27-prem-leeds-united-vs-brentford,29.0,1.0,0.0,0.0,1.0,0.0,3.0,0.0,0.0,4.0,0
2026-27,539142,2,26-27-prem-coventry-city-vs-hull-city,90.0,1.0,0.0,1.0,0.0,0.0,1.0,0.0,0.0,4.0,1
2026-27,469272,2,26-27-prem-coventry-city-vs-hull-city,59.0,1.0,0.0,2.0,1.0,0.0,3.0,0.0,0.0,3.0,1
2026-27,513545,2,26-27-prem-leeds-united-vs-brentford,90.0,3.0,0.0,2.0,2.0,0.0,5.0,0.0,0.0,9.0,1
2026-27,482973,2,26-27-prem-liverpool-vs-nottingham-forest,89.0,3.0,1.0,7.0,1.0,0.0,1.0,0.0,0.0,4.0,1
2026-27,544877,2,26-27-prem-liverpool-vs-nottingham-forest,71.0,0.0,0.0,0.0,1.0,0.0,4.0,0.0,0.0,8.0,1
2026-27,514356,2,26-27-prem-chelsea-vs-brighton-hove-albion,68.0,1.0,1.0,1.0,0.0,0.0,3.0,0.0,0.0,4.0,1
2026-27,482609,2,26-27-prem-chelsea-vs-brighton-hove-albion,90.0,0.0,0.0,0.0,0.0,0.0,3.0,0.0,0.0,5.0,1
2026-27,441302,3,26-27-prem-hull-city-vs-aston-villa,75.0,0.0,0.0,2.0,1.0,0.0,0.0,0.0,0.0,3.0,1
2026-27,477064,3,26-27-prem-manchester-city-vs-coventry-city,0.0,0.0,0.0,0.0,0.0,0.0,0.0,0.0,0.0,0.0,0
2026-27,610799,3,26-27-prem-brighton-hove-albion-vs-leeds-united,90.0,2.0,1.0,3.0,0.0,0.0,4.0,0.0,0.0,10.0,1
2026-27,595480,3,26-27-prem-manchester-city-vs-coventry-city,0.0,0.0,0.0,0.0,0.0,0.0,0.0,0.0,0.0,0.0,0
2026-27,98747,3,26-27-prem-newcastle-united-vs-afc-bournemouth,0.0,0.0,0.0,0.0,0.0,0.0,0.0,0.0,0.0,0.0,0
2026-27,629068,3,26-27-prem-everton-vs-manchester-united,0.0,0.0,0.0,0.0,0.0,0.0,0.0,0.0,0.0,0.0,0
2026-27,606745,3,26-27-prem-everton-vs-manchester-united,0.0,0.0,0.0,0.0,0.0,0.0,0.0,0.0,0.0,0.0,0
2026-27,242898,3,26-27-prem-everton-vs-manchester-united,66.0,1.0,0.0,3.0,2.0,0.0,4.0,0.0,0.0,4.0,1
2026-27,543158,3,26-27-prem-arsenal-vs-chelsea,0.0,0.0,0.0,0.0,0.0,0.0,0.0,0.0,0.0,0.0,0
2026-27,549939,3,26-27-prem-arsenal-vs-chelsea,0.0,0.0,0.0,0.0,0.0,0.0,0.0,0.0,0.0,0.0,0
2026-27,216094,3,26-27-prem-ipswich-town-vs-liverpool,0.0,0.0,0.0,0.0,0.0,0.0,0.0,0.0,0.0,0.0,0
2026-27,593117,3,26-27-prem-arsenal-vs-chelsea,0.0,0.0,0.0,0.0,0.0,0.0,0.0,0.0,0.0,0.0,0
2026-27,501390,3,26-27-prem-ipswich-town-vs-liverpool,0.0,0.0,0.0,0.0,0.0,0.0,0.0,0.0,0.0,0.0,0
2026-27,616077,3,26-27-prem-arsenal-vs-chelsea,0.0,0.0,0.0,0.0,0.0,0.0,0.0,0.0,0.0,0.0,0
2026-27,611922,3,26-27-prem-ipswich-town-vs-liverpool,0.0,0.0,0.0,0.0,0.0,0.0,0.0,0.0,0.0,0.0,0
2026-27,79602,3,26-27-prem-manchester-city-vs-coventry-city,0.0,0.0,0.0,0.0,0.0,0.0,0.0,0.0,0.0,0.0,0
2026-27,91651,3,26-27-prem-manchester-city-vs-coventry-city,0.0,0.0,0.0,0.0,0.0,0.0,0.0,0.0,0.0,0.0,0
2026-27,106921,3,26-27-prem-manchester-city-vs-coventry-city,0.0,0.0,0.0,0.0,0.0,0.0,0.0,0.0,0.0,0.0,0
2026-27,226965,3,26-27-prem-manchester-city-vs-coventry-city,0.0,0.0,0.0,0.0,0.0,0.0,0.0,0.0,0.0,0.0,0
2026-27,67089,3,26-27-prem-nottingham-forest-vs-tottenham-hotspur,0.0,0.0,0.0,0.0,0.0,0.0,0.0,0.0,0.0,0.0,0
2026-27,221389,3,26-27-prem-nottingham-forest-vs-tottenham-hotspur,0.0,0.0,0.0,0.0,0.0,0.0,0.0,0.0,0.0,0.0,0
2026-27,204968,3,26-27-prem-nottingham-forest-vs-tottenham-hotspur,0.0,0.0,0.0,0.0,0.0,0.0,0.0,0.0,0.0,0.0,0
2026-27,221466,3,26-27-prem-nottingham-forest-vs-tottenham-hotspur,0.0,0.0,0.0,0.0,0.0,0.0,0.0,0.0,0.0,0.0,0
2026-27,547701,3,26-27-prem-nottingham-forest-vs-tottenham-hotspur,0.0,0.0,0.0,0.0,0.0,0.0,0.0,0.0,0.0,0.0,0
2026-27,60689,3,26-27-prem-nottingham-forest-vs-tottenham-hotspur,16.0,0.0,0.0,0.0,0.0,0.0,0.0,0.0,0.0,0.0,0
2026-27,85633,3,26-27-prem-nottingham-forest-vs-tottenham-hotspur,90.0,0.0,0.0,0.0,0.0,0.0,11.0,0.0,0.0,1.0,1
2026-27,570526,3,26-27-prem-nottingham-forest-vs-tottenham-hotspur,0.0,0.0,0.0,0.0,0.0,0.0,0.0,0.0,0.0,0.0,0
2026-27,153682,3,26-27-prem-brighton-hove-albion-vs-leeds-united,17.0,0.0,0.0,1.0,2.0,0.0,1.0,0.0,0.0,0.0,0
2026-27,60307,3,26-27-prem-brighton-hove-albion-vs-leeds-united,90.0,5.0,0.0,4.0,1.0,0.0,2.0,0.0,0.0,2.0,1
2026-27,83299,3,26-27-prem-brighton-hove-albion-vs-leeds-united,90.0,0.0,0.0,2.0,0.0,0.0,5.0,0.0,0.0,12.0,1
2026-27,49262,3,26-27-prem-brighton-hove-albion-vs-leeds-united,0.0,0.0,0.0,0.0,0.0,0.0,0.0,0.0,0.0,0.0,0
2026-27,200617,3,26-27-prem-brighton-hove-albion-vs-leeds-united,0.0,0.0,0.0,0.0,0.0,0.0,0.0,0.0,0.0,0.0,0
2026-27,173774,3,26-27-prem-brighton-hove-albion-vs-leeds-united,90.0,0.0,0.0,3.0,2.0,0.0,0.0,0.0,0.0,10.0,1
2026-27,155465,3,26-27-prem-brighton-hove-albion-vs-leeds-united,0.0,0.0,0.0,0.0,0.0,0.0,0.0,0.0,0.0,0.0,0
2026-27,437497,3,26-27-prem-brighton-hove-albion-vs-leeds-united,0.0,0.0,0.0,0.0,0.0,0.0,0.0,0.0,0.0,0.0,0
2026-27,587982,3,26-27-prem-brighton-hove-albion-vs-leeds-united,0.0,0.0,0.0,0.0,0.0,0.0,0.0,0.0,0.0,0.0,0
2026-27,556637,3,26-27-prem-brighton-hove-albion-vs-leeds-united,0.0,0.0,0.0,0.0,0.0,0.0,0.0,0.0,0.0,0.0,0
2026-27,592984,3,26-27-prem-brighton-hove-albion-vs-leeds-united,0.0,0.0,0.0,0.0,0.0,0.0,0.0,0.0,0.0,0.0,0
2026-27,180135,3,26-27-prem-brighton-hove-albion-vs-leeds-united,0.0,0.0,0.0,0.0,0.0,0.0,0.0,0.0,0.0,0.0,0
2026-27,219249,3,26-27-prem-brighton-hove-albion-vs-leeds-united,0.0,0.0,0.0,0.0,0.0,0.0,0.0,0.0,0.0,0.0,0
2026-27,512123,3,26-27-prem-brighton-hove-albion-vs-leeds-united,0.0,0.0,0.0,0.0,0.0,0.0,0.0,0.0,0.0,0.0,0
2026-27,612855,3,26-27-prem-brighton-hove-albion-vs-leeds-united,0.0,0.0,0.0,0.0,0.0,0.0,0.0,0.0,0.0,0.0,0
2026-27,184029,3,26-27-prem-arsenal-vs-chelsea,77.0,2.0,1.0,6.0,4.0,0.0,3.0,0.0,0.0,0.0,1
2026-27,154561,3,26-27-prem-arsenal-vs-chelsea,90.0,0.0,0.0,0.0,0.0,0.0,11.0,-0.65,0.35,2.0,1
2026-27,445087,3,26-27-prem-ipswich-town-vs-liverpool,90.0,0.0,0.0,1.0,0.0,0.0,1.0,0.0,0.0,10.0,1
2026-27,219847,3,26-27-prem-arsenal-vs-chelsea,78.0,3.0,2.0,8.0,3.0,0.0,0.0,0.0,0.0,1.0,1
2026-27,158983,3,26-27-prem-ipswich-town-vs-liverpool,0.0,0.0,0.0,0.0,0.0,0.0,0.0,0.0,0.0,0.0,0
2026-27,108813,3,26-27-prem-ipswich-town-vs-liverpool,0.0,0.0,0.0,0.0,0.0,0.0,0.0,0.0,0.0,0.0,0
2026-27,176420,3,26-27-prem-ipswich-town-vs-liverpool,0.0,0.0,0.0,0.0,0.0,0.0,0.0,0.0,0.0,0.0,0
2026-27,214285,3,26-27-prem-ipswich-town-vs-liverpool,0.0,0.0,0.0,0.0,0.0,0.0,0.0,0.0,0.0,0.0,0
2026-27,183015,3,26-27-prem-ipswich-town-vs-liverpool,0.0,0.0,0.0,0.0,0.0,0.0,0.0,0.0,0.0,0.0,0
2026-27,216055,3,26-27-prem-ipswich-town-vs-liverpool,0.0,0.0,0.0,0.0,0.0,0.0,0.0,0.0,0.0,0.0,0
2026-27,449027,3,26-27-prem-ipswich-town-vs-liverpool,0.0,0.0,0.0,0.0,0.0,0.0,0.0,0.0,0.0,0.0,0
2026-27,431639,3,26-27-prem-ipswich-town-vs-liverpool,24.0,1.0,1.0,0.0,0.0,0.0,0.0,0.0,0.0,0.0,0
2026-27,443261,3,26-27-prem-ipswich-town-vs-liverpool,24.0,1.0,0.0,1.0,1.0,0.0,1.0,0.0,0.0,1.0,0
2026-27,441266,3,26-27-prem-ipswich-town-vs-liverpool,26.0,0.0,0.0,0.0,0.0,0.0,1.0,0.0,0.0,1.0,0
2026-27,531442,3,26-27-prem-ipswich-town-vs-liverpool,79.0,2.0,0.0,1.0,2.0,0.0,2.0,0.0,0.0,4.0,1
2026-27,543968,3,26-27-prem-ipswich-town-vs-liverpool,66.0,1.0,0.0,1.0,0.0,0.0,1.0,0.0,0.0,2.0,1
2026-27,572584,3,26-27-prem-ipswich-town-vs-liverpool,12.0,0.0,0.0,0.0,1.0,0.0,2.0,0.0,0.0,0.0,0
2026-27,514514,3,26-27-prem-ipswich-town-vs-liverpool,1.0,0.0,0.0,0.0,0.0,0.0,0.0,0.0,0.0,0.0,0
2026-27,591386,3,26-27-prem-ipswich-town-vs-liverpool,6.0,0.0,0.0,0.0,0.0,0.0,0.0,0.0,0.0,0.0,0
2026-27,551499,3,26-27-prem-ipswich-town-vs-liverpool,64.0,0.0,0.0,3.0,0.0,0.0,4.0,0.0,0.0,0.0,1
2026-27,552946,3,26-27-prem-hull-city-vs-aston-villa,8.0,0.0,0.0,0.0,0.0,0.0,1.0,0.0,0.0,0.0,0
2026-27,606930,3,26-27-prem-hull-city-vs-aston-villa,71.0,2.0,1.0,0.0,0.0,0.0,2.0,0.0,0.0,10.0,1
2026-27,116535,3,26-27-prem-ipswich-town-vs-liverpool,90.0,0.0,0.0,0.0,0.0,0.0,14.0,0.76,0.76,2.0,1
2026-27,212314,3,26-27-prem-ipswich-town-vs-liverpool,90.0,0.0,0.0,0.0,1.0,0.0,2.0,0.0,0.0,2.0,1
2026-27,218543,3,26-27-prem-ipswich-town-vs-liverpool,78.0,0.0,0.0,0.0,2.0,0.0,12.0,0.0,0.0,7.0,1
2026-27,442967,3,26-27-prem-ipswich-town-vs-liverpool,66.0,1.0,1.0,1.0,0.0,0.0,1.0,0.0,0.0,4.0,1
2026-27,216616,3,26-27-prem-ipswich-town-vs-liverpool,90.0,0.0,0.0,2.0,0.0,0.0,3.0,0.0,0.0,11.0,1
2026-27,240514,3,26-27-prem-ipswich-town-vs-liverpool,90.0,0.0,0.0,0.0,0.0,0.0,7.0,-0.06,1.94,0.0,1
2026-27,243298,3,26-27-prem-ipswich-town-vs-liverpool,90.0,1.0,0.0,5.0,3.0,0.0,5.0,0.0,0.0,5.0,1
2026-27,243016,3,26-27-prem-ipswich-town-vs-liverpool,84.0,2.0,1.0,1.0,1.0,0.0,5.0,0.0,0.0,6.0,1
2026-27,424876,3,26-27-prem-ipswich-town-vs-liverpool,90.0,3.0,3.0,0.0,2.0,0.0,6.0,0.0,0.0,3.0,1
2026-27,474120,3,26-27-prem-ipswich-town-vs-liverpool,90.0,6.0,2.0,1.0,2.0,0.0,3.0,0.0,0.0,2.0,1
2026-27,449429,3,26-27-prem-ipswich-town-vs-liverpool,90.0,0.0,0.0,2.0,1.0,0.0,3.0,0.0,0.0,7.0,1
2026-27,461587,3,26-27-prem-ipswich-town-vs-liverpool,11.0,1.0,1.0,0.0,0.0,0.0,1.0,0.0,0.0,0.0,0
2026-27,494595,3,26-27-prem-ipswich-town-vs-liverpool,89.0,2.0,1.0,6.0,2.0,0.0,4.0,0.0,0.0,0.0,1
2026-27,219168,3,26-27-prem-ipswich-town-vs-liverpool,64.0,2.0,2.0,2.0,0.0,0.0,2.0,0.0,0.0,1.0,1
2026-27,455084,3,26-27-prem-ipswich-town-vs-liverpool,90.0,1.0,0.0,7.0,2.0,0.0,3.0,0.0,0.0,6.0,1
2026-27,606702,3,26-27-prem-ipswich-town-vs-liverpool,90.0,0.0,0.0,1.0,1.0,0.0,3.0,0.0,0.0,9.0,1
2026-27,482616,3,26-27-prem-ipswich-town-vs-liverpool,26.0,0.0,0.0,1.0,1.0,0.0,0.0,0.0,0.0,0.0,0
2026-27,428580,3,26-27-prem-manchester-city-vs-coventry-city,63.0,0.0,0.0,0.0,0.0,0.0,2.0,0.0,0.0,1.0,1
2026-27,437730,3,26-27-prem-manchester-city-vs-coventry-city,90.0,2.0,0.0,3.0,3.0,0.0,3.0,0.0,0.0,1.0,1
2026-27,440993,3,26-27-prem-manchester-city-vs-coventry-city,87.0,1.0,0.0,4.0,1.0,0.0,2.0,0.0,0.0,3.0,1
2026-27,215379,3,26-27-prem-manchester-city-vs-coventry-city,90.0,1.0,0.0,2.0,1.0,0.0,6.0,0.0,0.0,5.0,1
2026-27,472739,3,26-27-prem-manchester-city-vs-coventry-city,90.0,0.0,0.0,0.0,0.0,0.0,9.0,0.41,1.41,1.0,1
2026-27,539142,3,26-27-prem-manchester-city-vs-coventry-city,90.0,0.0,0.0,3.0,0.0,0.0,6.0,0.0,0.0,3.0,1
2026-27,469272,3,26-27-prem-manchester-city-vs-coventry-city,27.0,2.0,1.0,2.0,2.0,0.0,1.0,0.0,0.0,0.0,0
2026-27,637238,3,26-27-prem-manchester-city-vs-coventry-city,14.0,0.0,0.0,0.0,0.0,0.0,3.0,0.0,0.0,2.0,0
2026-27,661888,3,26-27-prem-manchester-city-vs-coventry-city,27.0,0.0,0.0,0.0,0.0,0.0,4.0,0.0,0.0,2.0,0
2026-27,616288,3,26-27-prem-manchester-city-vs-coventry-city,3.0,0.0,0.0,1.0,0.0,0.0,2.0,0.0,0.0,2.0,0
2026-27,171314,3,26-27-prem-manchester-city-vs-coventry-city,90.0,0.0,0.0,0.0,0.0,0.0,0.0,0.0,0.0,3.0,1
2026-27,204936,3,26-27-prem-manchester-city-vs-coventry-city,90.0,0.0,0.0,0.0,0.0,0.0,2.0,1.76,1.76,1.0,1
2026-27,210156,3,26-27-prem-manchester-city-vs-coventry-city,71.0,1.0,0.0,1.0,1.0,0.0,3.0,0.0,0.0,2.0,1
2026-27,173878,3,26-27-prem-manchester-city-vs-coventry-city,85.0,0.0,0.0,0.0,1.0,0.0,3.0,0.0,0.0,7.0,1
2026-27,196100,3,26-27-prem-manchester-city-vs-coventry-city,5.0,0.0,0.0,0.0,0.0,0.0,1.0,0.0,0.0,1.0,0
2026-27,241293,3,26-27-prem-manchester-city-vs-coventry-city,71.0,0.0,0.0,1.0,0.0,0.0,3.0,0.0,0.0,2.0,1
2026-27,209244,3,26-27-prem-manchester-city-vs-coventry-city,24.0,1.0,1.0,1.0,1.0,0.0,1.0,0.0,0.0,0.0,0
2026-27,209036,3,26-27-prem-manchester-city-vs-coventry-city,90.0,0.0,0.0,1.0,0.0,0.0,6.0,0.0,0.0,9.0,1
2026-27,230730,3,26-27-prem-manchester-city-vs-coventry-city,19.0,0.0,0.0,1.0,0.0,0.0,2.0,0.0,0.0,1.0,0
2026-27,218997,3,26-27-prem-manchester-city-vs-coventry-city,19.0,1.0,1.0,2.0,1.0,0.0,0.0,0.0,0.0,0.0,0
2026-27,480457,3,26-27-prem-manchester-city-vs-coventry-city,63.0,1.0,1.0,1.0,2.0,0.0,2.0,0.0,0.0,3.0,1
2026-27,477424,3,26-27-prem-manchester-city-vs-coventry-city,90.0,1.0,0.0,2.0,0.0,0.0,7.0,0.0,0.0,8.0,1
2026-27,466052,3,26-27-prem-manchester-city-vs-coventry-city,66.0,3.0,0.0,8.0,3.0,0.0,3.0,0.0,0.0,0.0,1
2026-27,231065,3,26-27-prem-manchester-city-vs-coventry-city,90.0,1.0,0.0,2.0,0.0,0.0,2.0,0.0,0.0,13.0,1
2026-27,223094,3,26-27-prem-manchester-city-vs-coventry-city,90.0,4.0,3.0,8.0,1.0,0.0,2.0,0.0,0.0,5.0,1
2026-27,448047,3,26-27-prem-manchester-city-vs-coventry-city,76.0,2.0,0.0,6.0,1.0,0.0,1.0,0.0,0.0,2.0,1
2026-27,456512,3,26-27-prem-nottingham-forest-vs-tottenham-hotspur,59.0,0.0,0.0,0.0,0.0,0.0,4.0,0.0,0.0,1.0,1
2026-27,215136,3,26-27-prem-nottingham-forest-vs-tottenham-hotspur,90.0,0.0,0.0,2.0,1.0,0.0,8.0,0.0,0.0,6.0,1
2026-27,460842,3,26-27-prem-nottingham-forest-vs-tottenham-hotspur,29.0,0.0,0.0,1.0,1.0,0.0,3.0,0.0,0.0,0.0,0
2026-27,482973,3,26-27-prem-nottingham-forest-vs-tottenham-hotspur,31.0,0.0,0.0,0.0,0.0,0.0,0.0,0.0,0.0,1.0,0
2026-27,463034,3,26-27-prem-nottingham-forest-vs-tottenham-hotspur,74.0,1.0,0.0,2.0,2.0,0.0,3.0,0.0,0.0,2.0,1
2026-27,510281,3,26-27-prem-nottingham-forest-vs-tottenham-hotspur,61.0,1.0,0.0,6.0,1.0,0.0,0.0,0.0,0.0,0.0,1
2026-27,485055,3,26-27-prem-nottingham-forest-vs-tottenham-hotspur,90.0,0.0,0.0,0.0,1.0,0.0,8.0,0.01,0.01,2.0,1
2026-27,551226,3,26-27-prem-nottingham-forest-vs-tottenham-hotspur,7.0,0.0,0.0,0.0,0.0,0.0,0.0,0.0,0.0,0.0,0
2026-27,568420,3,26-27-prem-nottingham-forest-vs-tottenham-hotspur,1.0,0.0,0.0,0.0,0.0,0.0,0.0,0.0,0.0,0.0,0
2026-27,575476,3,26-27-prem-nottingham-forest-vs-tottenham-hotspur,89.0,2.0,0.0,3.0,0.0,0.0,4.0,0.0,0.0,10.0,1
2026-27,442299,3,26-27-prem-fulham-vs-crystal-palace,0.0,0.0,0.0,0.0,0.0,0.0,0.0,0.0,0.0,0.0,0
2026-27,172850,3,26-27-prem-fulham-vs-crystal-palace,16.0,1.0,1.0,1.0,0.0,0.0,0.0,0.0,0.0,0.0,0
2026-27,154566,3,26-27-prem-nottingham-forest-vs-tottenham-hotspur,6.0,1.0,0.0,1.0,0.0,0.0,0.0,0.0,0.0,1.0,0
2026-27,204561,3,26-27-prem-nottingham-forest-vs-tottenham-hotspur,90.0,1.0,0.0,0.0,0.0,0.0,3.0,0.0,0.0,7.0,1
2026-27,202993,3,26-27-prem-nottingham-forest-vs-tottenham-hotspur,90.0,1.0,0.0,1.0,0.0,0.0,5.0,0.0,0.0,12.0,1
2026-27,159506,3,26-27-prem-nottingham-forest-vs-tottenham-hotspur,59.0,0.0,0.0,0.0,0.0,0.0,4.0,0.0,0.0,7.0,1
2026-27,222531,3,26-27-prem-nottingham-forest-vs-tottenham-hotspur,90.0,4.0,1.0,3.0,0.0,0.0,5.0,0.0,0.0,2.0,1
2026-27,438234,3,26-27-prem-nottingham-forest-vs-tottenham-hotspur,84.0,2.0,0.0,2.0,0.0,0.0,0.0,0.0,0.0,0.0,1
2026-27,247348,3,26-27-prem-nottingham-forest-vs-tottenham-hotspur,31.0,1.0,0.0,1.0,0.0,0.0,0.0,0.0,0.0,1.0,0
2026-27,432422,3,26-27-prem-nottingham-forest-vs-tottenham-hotspur,90.0,0.0,0.0,0.0,0.0,0.0,4.0,0.0,0.0,8.0,1
2026-27,441164,3,26-27-prem-nottingham-forest-vs-tottenham-hotspur,90.0,2.0,0.0,1.0,2.0,0.0,3.0,0.0,0.0,4.0,1
2026-27,469142,3,26-27-prem-nottingham-forest-vs-tottenham-hotspur,90.0,2.0,0.0,2.0,1.0,0.0,4.0,0.0,0.0,4.0,1
2026-27,491279,3,26-27-prem-nottingham-forest-vs-tottenham-hotspur,90.0,2.0,0.0,3.0,0.0,0.0,4.0,0.0,0.0,9.0,1
2026-27,432714,3,26-27-prem-nottingham-forest-vs-tottenham-hotspur,90.0,3.0,1.0,0.0,5.0,0.0,4.0,0.0,0.0,3.0,1
2026-27,227444,3,26-27-prem-nottingham-forest-vs-tottenham-hotspur,90.0,0.0,0.0,1.0,0.0,0.0,3.0,0.0,0.0,11.0,1
2026-27,500033,3,26-27-prem-fulham-vs-crystal-palace,0.0,0.0,0.0,0.0,0.0,0.0,0.0,0.0,0.0,0.0,0
2026-27,465920,3,26-27-prem-nottingham-forest-vs-tottenham-hotspur,16.0,0.0,0.0,1.0,0.0,0.0,0.0,0.0,0.0,0.0,0
2026-27,232653,3,26-27-prem-newcastle-united-vs-afc-bournemouth,27.0,1.0,1.0,1.0,0.0,0.0,4.0,0.0,0.0,0.0,0
2026-27,449434,3,26-27-prem-newcastle-united-vs-afc-bournemouth,77.0,0.0,0.0,2.0,3.0,0.0,1.0,0.0,0.0,3.0,1
2026-27,457569,3,26-27-prem-newcastle-united-vs-afc-bournemouth,90.0,0.0,0.0,0.0,0.0,0.0,8.0,-0.33,1.67,1.0,1
2026-27,444102,3,26-27-prem-newcastle-united-vs-afc-bournemouth,90.0,3.0,0.0,7.0,0.0,0.0,3.0,0.0,0.0,4.0,1
2026-27,441191,3,26-27-prem-newcastle-united-vs-afc-bournemouth,1.0,0.0,0.0,0.0,0.0,0.0,0.0,0.0,0.0,0.0,0
2026-27,494521,3,26-27-prem-newcastle-united-vs-afc-bournemouth,90.0,1.0,0.0,0.0,1.0,0.0,5.0,0.0,0.0,6.0,1
2026-27,470551,3,26-27-prem-newcastle-united-vs-afc-bournemouth,90.0,0.0,0.0,0.0,0.0,0.0,6.0,1.0,2.0,0.0,1
2026-27,487838,3,26-27-prem-newcastle-united-vs-afc-bournemouth,89.0,1.0,0.0,1.0,1.0,0.0,13.0,0.0,0.0,6.0,1
2026-27,503139,3,26-27-prem-newcastle-united-vs-afc-bournemouth,89.0,2.0,0.0,4.0,2.0,0.0,6.0,0.0,0.0,5.0,1
2026-27,523700,3,26-27-prem-newcastle-united-vs-afc-bournemouth,1.0,0.0,0.0,0.0,0.0,0.0,0.0,0.0,0.0,0.0,0
2026-27,465694,3,26-27-prem-newcastle-united-vs-afc-bournemouth,77.0,0.0,0.0,1.0,1.0,0.0,6.0,0.0,0.0,1.0,1
2026-27,59735,3,26-27-prem-everton-vs-manchester-united,0.0,0.0,0.0,0.0,0.0,0.0,0.0,0.0,0.0,0.0,0
2026-27,119471,3,26-27-prem-newcastle-united-vs-afc-bournemouth,0.0,0.0,0.0,0.0,0.0,0.0,0.0,0.0,0.0,0.0,0
2026-27,158499,3,26-27-prem-newcastle-united-vs-afc-bournemouth,1.0,0.0,0.0,0.0,0.0,0.0,0.0,0.0,0.0,0.0,0
2026-27,216646,3,26-27-prem-newcastle-united-vs-afc-bournemouth,90.0,0.0,0.0,0.0,0.0,0.0,3.0,0.0,0.0,0.0,1
2026-27,111317,3,26-27-prem-newcastle-united-vs-afc-bournemouth,14.0,0.0,0.0,0.0,0.0,0.0,0.0,0.0,0.0,0.0,0
2026-27,200785,3,26-27-prem-newcastle-united-vs-afc-bournemouth,76.0,0.0,0.0,0.0,1.0,0.0,8.0,0.0,0.0,4.0,1
2026-27,201658,3,26-27-prem-newcastle-united-vs-afc-bournemouth,89.0,5.0,4.0,4.0,1.0,0.0,8.0,0.0,0.0,1.0,1
2026-27,222683,3,26-27-prem-newcastle-united-vs-afc-bournemouth,76.0,2.0,0.0,0.0,0.0,0.0,3.0,0.0,0.0,1.0,1
2026-27,200089,3,26-27-prem-newcastle-united-vs-afc-bournemouth,63.0,2.0,0.0,2.0,0.0,0.0,1.0,0.0,0.0,2.0,1
2026-27,220237,3,26-27-prem-newcastle-united-vs-afc-bournemouth,90.0,0.0,0.0,2.0,0.0,0.0,3.0,0.0,0.0,9.0,1
2026-27,463726,3,26-27-prem-newcastle-united-vs-afc-bournemouth,90.0,2.0,0.0,3.0,0.0,0.0,4.0,0.0,0.0,1.0,1
2026-27,201666,3,26-27-prem-newcastle-united-vs-afc-bournemouth,90.0,2.0,1.0,3.0,0.0,0.0,4.0,0.0,0.0,2.0,1
2026-27,114243,3,26-27-prem-newcastle-united-vs-afc-bournemouth,13.0,0.0,0.0,0.0,0.0,0.0,1.0,0.0,0.0,0.0,0
2026-27,155408,3,26-27-prem-newcastle-united-vs-afc-bournemouth,14.0,0.0,0.0,0.0,0.0,0.0,0.0,0.0,0.0,1.0,0
2026-27,106611,3,26-27-prem-everton-vs-manchester-united,0.0,0.0,0.0,0.0,0.0,0.0,0.0,0.0,0.0,0.0,0
2026-27,229600,3,26-27-prem-everton-vs-manchester-united,0.0,0.0,0.0,0.0,0.0,0.0,0.0,0.0,0.0,0.0,0
2026-27,184341,3,26-27-prem-everton-vs-manchester-united,0.0,0.0,0.0,0.0,0.0,0.0,0.0,0.0,0.0,0.0,0
2026-27,458249,3,26-27-prem-everton-vs-manchester-united,0.0,0.0,0.0,0.0,0.0,0.0,0.0,0.0,0.0,0.0,0
2026-27,223827,3,26-27-prem-brentford-vs-sunderland,90.0,1.0,0.0,3.0,1.0,0.0,5.0,0.0,0.0,10.0,1
2026-27,472713,3,26-27-prem-brentford-vs-sunderland,45.0,0.0,0.0,0.0,0.0,0.0,2.0,0.0,0.0,5.0,0
2026-27,249231,3,26-27-prem-brentford-vs-sunderland,90.0,3.0,0.0,8.0,3.0,0.0,1.0,0.0,0.0,5.0,1
2026-27,484420,3,26-27-prem-brentford-vs-sunderland,90.0,3.0,1.0,3.0,0.0,0.0,2.0,0.0,0.0,4.0,1
2026-27,487676,3,26-27-prem-brentford-vs-sunderland,26.0,0.0,0.0,0.0,0.0,0.0,2.0,0.0,0.0,2.0,0
2026-27,513418,3,26-27-prem-brentford-vs-sunderland,90.0,0.0,0.0,4.0,1.0,0.0,5.0,0.0,0.0,0.0,1
2026-27,498016,3,26-27-prem-brentford-vs-sunderland,90.0,0.0,0.0,0.0,0.0,0.0,13.0,0.07,1.07,1.0,1
2026-27,508395,3,26-27-prem-brentford-vs-sunderland,45.0,1.0,0.0,0.0,0.0,0.0,3.0,0.0,0.0,2.0,0
2026-27,444180,3,26-27-prem-brentford-vs-sunderland,45.0,1.0,0.0,1.0,0.0,0.0,4.0,0.0,0.0,0.0,0
2026-27,483067,3,26-27-prem-newcastle-united-vs-afc-bournemouth,90.0,1.0,1.0,1.0,0.0,0.0,2.0,0.0,0.0,8.0,1
2026-27,636852,3,26-27-prem-newcastle-united-vs-afc-bournemouth,13.0,0.0,0.0,0.0,0.0,0.0,1.0,0.0,0.0,1.0,0
2026-27,93605,3,26-27-prem-brentford-vs-sunderland,64.0,1.0,1.0,2.0,0.0,0.0,0.0,0.0,0.0,2.0,1
2026-27,167512,3,26-27-prem-brentford-vs-sunderland,0.0,0.0,0.0,0.0,0.0,0.0,0.0,0.0,0.0,0.0,0
2026-27,84450,3,26-27-prem-brentford-vs-sunderland,90.0,1.0,0.0,1.0,1.0,0.0,9.0,0.0,0.0,6.0,1
2026-27,496208,3,26-27-prem-newcastle-united-vs-afc-bournemouth,1.0,1.0,0.0,1.0,0.0,0.0,1.0,0.0,0.0,1.0,0
2026-27,191866,3,26-27-prem-brentford-vs-sunderland,90.0,0.0,0.0,0.0,0.0,0.0,2.0,0.0,0.0,5.0,1
2026-27,200834,3,26-27-prem-brentford-vs-sunderland,90.0,0.0,0.0,0.0,0.0,0.0,6.0,0.0,0.0,14.0,1
2026-27,440089,3,26-27-prem-brentford-vs-sunderland,86.0,0.0,0.0,3.0,2.0,0.0,3.0,0.0,0.0,1.0,1
2026-27,204580,3,26-27-prem-brentford-vs-sunderland,90.0,1.0,1.0,1.0,0.0,0.0,5.0,0.0,0.0,7.0,1
2026-27,200720,3,26-27-prem-brentford-vs-sunderland,90.0,0.0,0.0,0.0,0.0,0.0,6.0,-0.11,0.89,2.0,1
2026-27,441264,3,26-27-prem-brentford-vs-sunderland,90.0,3.0,0.0,9.0,3.0,0.0,3.0,0.0,0.0,0.0,1
2026-27,432830,3,26-27-prem-brentford-vs-sunderland,17.0,0.0,0.0,0.0,0.0,0.0,0.0,0.0,0.0,1.0,1
2026-27,437505,3,26-27-prem-brentford-vs-sunderland,26.0,2.0,1.0,1.0,0.0,0.0,2.0,0.0,0.0,0.0,0
2026-27,499604,3,26-27-prem-newcastle-united-vs-afc-bournemouth,89.0,1.0,0.0,4.0,0.0,0.0,0.0,0.0,0.0,2.0,1
2026-27,434399,3,26-27-prem-brentford-vs-sunderland,90.0,0.0,0.0,0.0,0.0,0.0,7.0,0.0,0.0,7.0,1
2026-27,194010,3,26-27-prem-brentford-vs-sunderland,0.0,0.0,0.0,0.0,0.0,0.0,0.0,0.0,0.0,0.0,0
2026-27,513545,3,26-27-prem-brentford-vs-sunderland,45.0,2.0,0.0,1.0,0.0,0.0,3.0,0.0,0.0,2.0,1
2026-27,201895,3,26-27-prem-brentford-vs-sunderland,0.0,0.0,0.0,0.0,0.0,0.0,0.0,0.0,0.0,0.0,0
2026-27,533463,3,26-27-prem-brentford-vs-sunderland,45.0,0.0,0.0,0.0,1.0,0.0,7.0,0.0,0.0,4.0,1
2026-27,536661,3,26-27-prem-brentford-vs-sunderland,64.0,0.0,0.0,8.0,0.0,0.0,3.0,0.0,0.0,2.0,1
2026-27,502500,3,26-27-prem-brentford-vs-sunderland,90.0,2.0,1.0,3.0,0.0,0.0,2.0,0.0,0.0,4.0,1
2026-27,577669,3,26-27-prem-brentford-vs-sunderland,74.0,3.0,2.0,6.0,1.0,0.0,3.0,0.0,0.0,0.0,1
2026-27,607464,3,26-27-prem-brentford-vs-sunderland,45.0,1.0,0.0,0.0,0.0,0.0,2.0,0.0,0.0,5.0,1
2026-27,513086,3,26-27-prem-brentford-vs-sunderland,73.0,1.0,0.0,1.0,0.0,0.0,0.0,0.0,0.0,10.0,0
2026-27,427637,3,26-27-prem-brighton-hove-albion-vs-leeds-united,28.0,0.0,0.0,0.0,0.0,0.0,0.0,0.0,0.0,0.0,0
2026-27,451490,3,26-27-prem-brighton-hove-albion-vs-leeds-united,12.0,0.0,0.0,0.0,1.0,0.0,0.0,0.0,0.0,1.0,0
2026-27,489639,3,26-27-prem-brighton-hove-albion-vs-leeds-united,90.0,0.0,0.0,0.0,0.0,0.0,5.0,0.9,1.9,0.0,1
2026-27,538007,3,26-27-prem-brighton-hove-albion-vs-leeds-united,13.0,1.0,0.0,1.0,0.0,0.0,0.0,0.0,0.0,0.0,0
2026-27,514254,3,26-27-prem-brighton-hove-albion-vs-leeds-united,90.0,4.0,1.0,5.0,2.0,0.0,4.0,0.0,0.0,5.0,1
2026-27,611695,3,26-27-prem-brighton-hove-albion-vs-leeds-united,90.0,1.0,0.0,9.0,2.0,0.0,3.0,0.0,0.0,2.0,1
2026-27,86873,3,26-27-prem-fulham-vs-crystal-palace,0.0,0.0,0.0,0.0,0.0,0.0,0.0,0.0,0.0,0.0,0
2026-27,80201,3,26-27-prem-fulham-vs-crystal-palace,90.0,0.0,0.0,0.0,0.0,0.0,8.0,-0.43,2.57,0.0,1
2026-27,220627,3,26-27-prem-brighton-hove-albion-vs-leeds-united,90.0,2.0,1.0,2.0,0.0,0.0,4.0,0.0,0.0,10.0,1
2026-27,222694,3,26-27-prem-brighton-hove-albion-vs-leeds-united,1.0,0.0,0.0,0.0,0.0,0.0,0.0,0.0,0.0,0.0,0
2026-27,204120,3,26-27-prem-brighton-hove-albion-vs-leeds-united,89.0,0.0,0.0,0.0,5.0,0.0,4.0,0.0,0.0,4.0,1
2026-27,243526,3,26-27-prem-brighton-hove-albion-vs-leeds-united,90.0,0.0,0.0,1.0,0.0,0.0,9.0,0.0,0.0,5.0,1
2026-27,174594,3,26-27-prem-brighton-hove-albion-vs-leeds-united,17.0,2.0,0.0,2.0,0.0,0.0,0.0,0.0,0.0,0.0,0
2026-27,434752,3,26-27-prem-brighton-hove-albion-vs-leeds-united,29.0,0.0,0.0,0.0,0.0,0.0,0.0,0.0,0.0,4.0,0
2026-27,226182,3,26-27-prem-brighton-hove-albion-vs-leeds-united,61.0,1.0,1.0,1.0,0.0,0.0,0.0,0.0,0.0,2.0,1
2026-27,466525,3,26-27-prem-brighton-hove-albion-vs-leeds-united,90.0,1.0,1.0,2.0,1.0,0.0,2.0,0.0,0.0,4.0,1
2026-27,435997,3,26-27-prem-brighton-hove-albion-vs-leeds-united,62.0,0.0,0.0,1.0,0.0,0.0,0.0,0.0,0.0,0.0,1
2026-27,509416,3,26-27-prem-brighton-hove-albion-vs-leeds-united,90.0,2.0,1.0,1.0,1.0,0.0,2.0,0.0,0.0,1.0,1
2026-27,432720,3,26-27-prem-brighton-hove-albion-vs-leeds-united,90.0,0.0,0.0,0.0,0.0,0.0,11.0,-0.32,0.68,2.0,1
2026-27,522047,3,26-27-prem-brighton-hove-albion-vs-leeds-united,90.0,0.0,0.0,1.0,0.0,0.0,2.0,0.0,0.0,13.0,1
2026-27,248056,3,26-27-prem-brighton-hove-albion-vs-leeds-united,73.0,2.0,0.0,3.0,1.0,0.0,3.0,0.0,0.0,5.0,1
2026-27,231416,3,26-27-prem-brighton-hove-albion-vs-leeds-united,78.0,2.0,1.0,1.0,1.0,0.0,2.0,0.0,0.0,5.0,1
2026-27,108413,3,26-27-prem-fulham-vs-crystal-palace,16.0,0.0,0.0,0.0,0.0,0.0,1.0,0.0,0.0,2.0,0
2026-27,199598,3,26-27-prem-brighton-hove-albion-vs-leeds-united,90.0,0.0,0.0,0.0,0.0,0.0,1.0,0.0,0.0,10.0,1
2026-27,172649,3,26-27-prem-fulham-vs-crystal-palace,90.0,0.0,0.0,0.0,0.0,0.0,7.0,-0.19,1.81,1.0,1
2026-27,121709,3,26-27-prem-fulham-vs-crystal-palace,0.0,0.0,0.0,0.0,0.0,0.0,0.0,0.0,0.0,0.0,0
2026-27,174874,3,26-27-prem-fulham-vs-crystal-palace,90.0,0.0,0.0,3.0,2.0,0.0,7.0,0.0,0.0,7.0,1
2026-27,169528,3,26-27-prem-fulham-vs-crystal-palace,79.0,2.0,0.0,3.0,2.0,0.0,5.0,0.0,0.0,5.0,1
2026-27,220362,3,26-27-prem-fulham-vs-crystal-palace,90.0,0.0,0.0,1.0,1.0,0.0,8.0,0.0,0.0,13.0,1
2026-27,184349,3,26-27-prem-fulham-vs-crystal-palace,11.0,1.0,0.0,1.0,1.0,0.0,1.0,0.0,0.0,1.0,0
2026-27,247412,3,26-27-prem-fulham-vs-crystal-palace,45.0,0.0,0.0,0.0,0.0,0.0,3.0,0.0,0.0,1.0,0
2026-27,205533,3,26-27-prem-fulham-vs-crystal-palace,45.0,1.0,1.0,2.0,1.0,0.0,1.0,0.0,0.0,1.0,1
2026-27,232892,3,26-27-prem-fulham-vs-crystal-palace,90.0,0.0,0.0,0.0,0.0,0.0,2.0,0.0,0.0,2.0,1
2026-27,209289,3,26-27-prem-fulham-vs-crystal-palace,11.0,0.0,0.0,1.0,0.0,0.0,0.0,0.0,0.0,0.0,0
2026-27,427623,3,26-27-prem-fulham-vs-crystal-palace,90.0,1.0,1.0,0.0,0.0,0.0,4.0,0.0,0.0,9.0,1
2026-27,242313,3,26-27-prem-fulham-vs-crystal-palace,1.0,0.0,0.0,0.0,0.0,0.0,1.0,0.0,0.0,1.0,0
2026-27,488024,3,26-27-prem-fulham-vs-crystal-palace,89.0,1.0,0.0,2.0,3.0,0.0,3.0,0.0,0.0,2.0,1
2026-27,477555,3,26-27-prem-fulham-vs-crystal-palace,79.0,3.0,1.0,9.0,4.0,0.0,4.0,0.0,0.0,0.0,1
2026-27,244723,3,26-27-prem-fulham-vs-crystal-palace,74.0,3.0,2.0,7.0,1.0,0.0,2.0,0.0,0.0,6.0,1
2026-27,244042,3,26-27-prem-fulham-vs-crystal-palace,7.0,2.0,1.0,5.0,1.0,0.0,0.0,0.0,0.0,0.0,0
2026-27,463210,3,26-27-prem-fulham-vs-crystal-palace,79.0,0.0,0.0,4.0,3.0,0.0,8.0,0.0,0.0,3.0,1
2026-27,571779,3,26-27-prem-fulham-vs-crystal-palace,61.0,5.0,2.0,7.0,1.0,0.0,0.0,0.0,0.0,0.0,1
2026-27,551466,3,26-27-prem-fulham-vs-crystal-palace,90.0,5.0,0.0,12.0,1.0,0.0,3.0,0.0,0.0,4.0,1
2026-27,577725,3,26-27-prem-fulham-vs-crystal-palace,90.0,2.0,1.0,8.0,2.0,0.0,5.0,0.0,0.0,2.0,1
2026-27,570794,3,26-27-prem-fulham-vs-crystal-palace,90.0,2.0,0.0,2.0,0.0,0.0,3.0,0.0,0.0,10.0,1
2026-27,651426,3,26-27-prem-fulham-vs-crystal-palace,90.0,0.0,0.0,0.0,0.0,0.0,2.0,0.0,0.0,9.0,1
2026-27,166477,3,26-27-prem-fulham-vs-crystal-palace,90.0,3.0,1.0,4.0,2.0,0.0,5.0,0.0,0.0,7.0,1
2026-27,207189,3,26-27-prem-fulham-vs-crystal-palace,29.0,0.0,0.0,0.0,0.0,0.0,2.0,0.0,0.0,0.0,0
2026-27,153133,3,26-27-prem-fulham-vs-crystal-palace,83.0,1.0,0.0,4.0,1.0,0.0,3.0,0.0,0.0,1.0,1
2026-27,209400,3,26-27-prem-fulham-vs-crystal-palace,89.0,0.0,0.0,3.0,2.0,0.0,4.0,0.0,0.0,0.0,1
2026-27,243413,3,26-27-prem-hull-city-vs-aston-villa,90.0,2.0,1.0,0.0,1.0,0.0,2.0,0.0,0.0,4.0,1
2026-27,226944,3,26-27-prem-hull-city-vs-aston-villa,90.0,0.0,0.0,0.0,1.0,0.0,6.0,0.0,0.0,4.0,1
2026-27,232351,3,26-27-prem-hull-city-vs-aston-villa,90.0,0.0,0.0,0.0,2.0,0.0,5.0,0.0,0.0,4.0,1
2026-27,487992,3,26-27-prem-hull-city-vs-aston-villa,15.0,0.0,0.0,0.0,0.0,0.0,2.0,0.0,0.0,1.0,0
2026-27,433969,3,26-27-prem-hull-city-vs-aston-villa,90.0,0.0,0.0,0.0,0.0,0.0,13.0,0.17,0.17,1.0,1
2026-27,473284,3,26-27-prem-hull-city-vs-aston-villa,90.0,0.0,0.0,0.0,0.0,0.0,10.0,0.08,0.08,0.0,1
2026-27,469266,3,26-27-prem-hull-city-vs-aston-villa,82.0,0.0,0.0,0.0,2.0,0.0,5.0,0.0,0.0,5.0,1
2026-27,490884,3,26-27-prem-hull-city-vs-aston-villa,8.0,1.0,1.0,1.0,0.0,0.0,0.0,0.0,0.0,0.0,0
2026-27,493105,3,26-27-prem-hull-city-vs-aston-villa,15.0,0.0,0.0,0.0,0.0,0.0,0.0,0.0,0.0,0.0,0
2026-27,540324,3,26-27-prem-hull-city-vs-aston-villa,82.0,2.0,1.0,1.0,1.0,0.0,1.0,0.0,0.0,11.0,1
2026-27,608227,3,26-27-prem-hull-city-vs-aston-villa,63.0,1.0,0.0,1.0,1.0,0.0,2.0,0.0,0.0,0.0,1
2026-27,465730,3,26-27-prem-brighton-hove-albion-vs-leeds-united,77.0,0.0,0.0,1.0,1.0,0.0,4.0,0.0,0.0,2.0,1
2026-27,647850,3,26-27-prem-brighton-hove-albion-vs-leeds-united,90.0,3.0,1.0,2.0,0.0,0.0,4.0,0.0,0.0,4.0,1
2026-27,72147,3,26-27-prem-hull-city-vs-aston-villa,0.0,0.0,0.0,0.0,0.0,0.0,0.0,0.0,0.0,0.0,0
2026-27,88894,3,26-27-prem-hull-city-vs-aston-villa,90.0,4.0,0.0,3.0,2.0,0.0,4.0,0.0,0.0,2.0,1
2026-27,184667,3,26-27-prem-hull-city-vs-aston-villa,90.0,0.0,0.0,1.0,2.0,0.0,3.0,0.0,0.0,4.0,1
2026-27,146426,3,26-27-prem-hull-city-vs-aston-villa,90.0,0.0,0.0,0.0,0.0,0.0,1.0,0.0,0.0,6.0,1
2026-27,149484,3,26-27-prem-hull-city-vs-aston-villa,90.0,3.0,0.0,3.0,0.0,0.0,2.0,0.0,0.0,5.0,1
2026-27,195546,3,26-27-prem-hull-city-vs-aston-villa,75.0,2.0,0.0,2.0,0.0,0.0,2.0,0.0,0.0,0.0,1
2026-27,193278,3,26-27-prem-hull-city-vs-aston-villa,64.0,0.0,0.0,0.0,0.0,0.0,0.0,0.0,0.0,0.0,1
2026-27,199796,3,26-27-prem-hull-city-vs-aston-villa,85.0,0.0,0.0,3.0,1.0,0.0,1.0,0.0,0.0,1.0,1
2026-27,173879,3,26-27-prem-hull-city-vs-aston-villa,5.0,0.0,0.0,0.0,0.0,0.0,0.0,0.0,0.0,1.0,0
2026-27,214590,3,26-27-prem-hull-city-vs-aston-villa,5.0,0.0,0.0,0.0,0.0,0.0,0.0,0.0,0.0,1.0,0
2026-27,108416,3,26-27-prem-hull-city-vs-aston-villa,90.0,0.0,0.0,0.0,0.0,0.0,1.0,0.0,0.0,7.0,1
2026-27,122806,3,26-27-prem-hull-city-vs-aston-villa,90.0,1.0,0.0,1.0,0.0,0.0,2.0,0.0,0.0,3.0,1
2026-27,167825,3,26-27-prem-hull-city-vs-aston-villa,0.0,0.0,0.0,0.0,0.0,0.0,0.0,0.0,0.0,0.0,0
2026-27,517052,3,26-27-prem-hull-city-vs-aston-villa,85.0,2.0,0.0,6.0,1.0,0.0,2.0,0.0,0.0,0.0,1
2026-27,169359,3,26-27-prem-hull-city-vs-aston-villa,0.0,0.0,0.0,0.0,0.0,0.0,0.0,0.0,0.0,0.0,0
2026-27,547719,3,26-27-prem-newcastle-united-vs-afc-bournemouth,63.0,0.0,0.0,1.0,0.0,0.0,3.0,0.0,0.0,1.0,1
2026-27,613221,3,26-27-prem-newcastle-united-vs-afc-bournemouth,27.0,0.0,0.0,3.0,0.0,0.0,1.0,0.0,0.0,0.0,0
2026-27,97032,3,26-27-prem-ipswich-town-vs-liverpool,90.0,0.0,0.0,0.0,0.0,0.0,4.0,0.0,0.0,7.0,1
2026-27,219924,3,26-27-prem-ipswich-town-vs-liverpool,90.0,0.0,0.0,0.0,1.0,0.0,2.0,0.0,0.0,11.0,1
2026-27,577285,3,26-27-prem-hull-city-vs-aston-villa,75.0,1.0,1.0,3.0,1.0,0.0,4.0,0.0,0.0,3.0,1
2026-27,653481,3,26-27-prem-hull-city-vs-aston-villa,15.0,0.0,0.0,0.0,0.0,0.0,1.0,0.0,0.0,0.0,0
2026-27,250199,3,26-27-prem-nottingham-forest-vs-tottenham-hotspur,0.0,0.0,0.0,0.0,0.0,0.0,0.0,0.0,0.0,0.0,0
2026-27,209046,3,26-27-prem-nottingham-forest-vs-tottenham-hotspur,0.0,0.0,0.0,0.0,0.0,0.0,0.0,0.0,0.0,0.0,0
2026-27,470315,3,26-27-prem-nottingham-forest-vs-tottenham-hotspur,0.0,0.0,0.0,0.0,0.0,0.0,0.0,0.0,0.0,0.0,0
2026-27,511499,3,26-27-prem-nottingham-forest-vs-tottenham-hotspur,74.0,0.0,0.0,10.0,1.0,0.0,2.0,0.0,0.0,0.0,1
2026-27,75115,3,26-27-prem-brentford-vs-sunderland,4.0,0.0,0.0,0.0,0.0,0.0,0.0,0.0,0.0,1.0,0
2026-27,507433,3,26-27-prem-brentford-vs-sunderland,0.0,0.0,0.0,0.0,0.0,0.0,0.0,0.0,0.0,0.0,0
2026-27,244858,3,26-27-prem-brentford-vs-sunderland,0.0,0.0,0.0,0.0,0.0,0.0,0.0,0.0,0.0,0.0,0
2026-27,122798,3,26-27-prem-nottingham-forest-vs-tottenham-hotspur,29.0,0.0,0.0,0.0,0.0,0.0,1.0,0.0,0.0,1.0,0
2026-27,487053,3,26-27-prem-nottingham-forest-vs-tottenham-hotspur,61.0,0.0,0.0,1.0,0.0,0.0,1.0,0.0,0.0,3.0,1
2026-27,515046,3,26-27-prem-brentford-vs-sunderland,0.0,0.0,0.0,0.0,0.0,0.0,0.0,0.0,0.0,0.0,0
2026-27,554197,3,26-27-prem-brentford-vs-sunderland,0.0,0.0,0.0,0.0,0.0,0.0,0.0,0.0,0.0,0.0,0
2026-27,613804,3,26-27-prem-brentford-vs-sunderland,0.0,0.0,0.0,0.0,0.0,0.0,0.0,0.0,0.0,0.0,0
2026-27,638411,3,26-27-prem-brentford-vs-sunderland,0.0,0.0,0.0,0.0,0.0,0.0,0.0,0.0,0.0,0.0,0
2026-27,696104,3,26-27-prem-brentford-vs-sunderland,0.0,0.0,0.0,0.0,0.0,0.0,0.0,0.0,0.0,0.0,0
2026-27,549940,3,26-27-prem-brentford-vs-sunderland,16.0,0.0,0.0,0.0,0.0,0.0,0.0,0.0,0.0,0.0,0
2026-27,54469,3,26-27-prem-newcastle-united-vs-afc-bournemouth,90.0,1.0,0.0,1.0,2.0,0.0,6.0,0.0,0.0,4.0,1
2026-27,242882,3,26-27-prem-newcastle-united-vs-afc-bournemouth,0.0,0.0,0.0,0.0,0.0,0.0,0.0,0.0,0.0,0.0,0
2026-27,494928,3,26-27-prem-newcastle-united-vs-afc-bournemouth,0.0,0.0,0.0,0.0,0.0,0.0,0.0,0.0,0.0,0.0,0
2026-27,575901,3,26-27-prem-newcastle-united-vs-afc-bournemouth,0.0,0.0,0.0,0.0,0.0,0.0,0.0,0.0,0.0,0.0,0
2026-27,611665,3,26-27-prem-newcastle-united-vs-afc-bournemouth,0.0,0.0,0.0,0.0,0.0,0.0,0.0,0.0,0.0,0.0,0
2026-27,632794,3,26-27-prem-newcastle-united-vs-afc-bournemouth,0.0,0.0,0.0,0.0,0.0,0.0,0.0,0.0,0.0,0.0,0
2026-27,450063,3,26-27-prem-fulham-vs-crystal-palace,74.0,1.0,0.0,0.0,0.0,0.0,3.0,0.0,0.0,3.0,1
2026-27,551050,3,26-27-prem-fulham-vs-crystal-palace,11.0,1.0,0.0,3.0,0.0,0.0,0.0,0.0,0.0,1.0,0
2026-27,461102,3,26-27-prem-manchester-city-vs-coventry-city,90.0,5.0,0.0,5.0,2.0,0.0,3.0,0.0,0.0,12.0,1
2026-27,177815,3,26-27-prem-brighton-hove-albion-vs-leeds-united,73.0,2.0,2.0,2.0,1.0,0.0,2.0,0.0,0.0,1.0,1
2026-27,204813,3,26-27-prem-manchester-city-vs-coventry-city,0.0,0.0,0.0,0.0,0.0,0.0,0.0,0.0,0.0,0.0,0
2026-27,168144,3,26-27-prem-manchester-city-vs-coventry-city,90.0,1.0,0.0,0.0,0.0,0.0,0.0,0.0,0.0,8.0,1
2026-27,451284,3,26-27-prem-manchester-city-vs-coventry-city,90.0,0.0,0.0,1.0,0.0,0.0,4.0,0.0,0.0,11.0,1
2026-27,533646,3,26-27-prem-fulham-vs-crystal-palace,1.0,0.0,0.0,0.0,0.0,0.0,0.0,0.0,0.0,1.0,0
2026-27,169432,3,26-27-prem-hull-city-vs-aston-villa,90.0,3.0,0.0,5.0,1.0,0.0,0.0,0.0,0.0,3.0,1
2026-27,243951,3,26-27-prem-hull-city-vs-aston-villa,27.0,0.0,0.0,0.0,1.0,0.0,1.0,0.0,0.0,0.0,0
2026-27,496181,3,26-27-prem-hull-city-vs-aston-villa,26.0,0.0,0.0,1.0,0.0,0.0,2.0,0.0,0.0,1.0,0
2026-27,232787,3,26-27-prem-nottingham-forest-vs-tottenham-hotspur,83.0,0.0,0.0,1.0,0.0,0.0,6.0,0.0,0.0,5.0,1
2026-27,244954,3,26-27-prem-hull-city-vs-aston-villa,0.0,0.0,0.0,0.0,0.0,0.0,0.0,0.0,0.0,0.0,0
2026-27,515597,3,26-27-prem-hull-city-vs-aston-villa,0.0,0.0,0.0,0.0,0.0,0.0,0.0,0.0,0.0,0.0,0
2026-27,647839,3,26-27-prem-hull-city-vs-aston-villa,0.0,0.0,0.0,0.0,0.0,0.0,0.0,0.0,0.0,0.0,0
2026-27,448514,3,26-27-prem-manchester-city-vs-coventry-city,0.0,0.0,0.0,0.0,0.0,0.0,0.0,0.0,0.0,0.0,0
2026-27,638987,3,26-27-prem-hull-city-vs-aston-villa,0.0,0.0,0.0,0.0,0.0,0.0,0.0,0.0,0.0,0.0,0
2026-27,631000,3,26-27-prem-hull-city-vs-aston-villa,0.0,0.0,0.0,0.0,0.0,0.0,0.0,0.0,0.0,0.0,0
2026-27,465351,3,26-27-prem-manchester-city-vs-coventry-city,0.0,0.0,0.0,0.0,0.0,0.0,0.0,0.0,0.0,0.0,0
2026-27,501459,3,26-27-prem-manchester-city-vs-coventry-city,0.0,0.0,0.0,0.0,0.0,0.0,0.0,0.0,0.0,0.0,0
2026-27,430871,3,26-27-prem-everton-vs-manchester-united,70.0,2.0,0.0,3.0,0.0,0.0,1.0,0.0,0.0,2.0,1
2026-27,480455,3,26-27-prem-everton-vs-manchester-united,90.0,2.0,2.0,2.0,0.0,0.0,4.0,0.0,0.0,11.0,1
2026-27,513466,3,26-27-prem-everton-vs-manchester-united,75.0,0.0,0.0,0.0,1.0,0.0,4.0,0.0,0.0,2.0,1
2026-27,516895,3,26-27-prem-everton-vs-manchester-united,84.0,0.0,0.0,0.0,2.0,0.0,10.0,0.0,0.0,5.0,1
2026-27,550864,3,26-27-prem-everton-vs-manchester-united,6.0,0.0,0.0,1.0,0.0,0.0,0.0,0.0,0.0,3.0,0
2026-27,532605,3,26-27-prem-everton-vs-manchester-united,6.0,0.0,0.0,3.0,0.0,0.0,0.0,0.0,0.0,4.0,0
2026-27,586309,3,26-27-prem-everton-vs-manchester-united,90.0,4.0,0.0,7.0,1.0,0.0,4.0,0.0,0.0,0.0,1
2026-27,550615,3,26-27-prem-everton-vs-manchester-united,90.0,1.0,1.0,5.0,3.0,0.0,3.0,0.0,0.0,1.0,1
2026-27,596777,3,26-27-prem-everton-vs-manchester-united,20.0,0.0,0.0,1.0,0.0,0.0,1.0,0.0,0.0,2.0,0
2026-27,17761,3,26-27-prem-everton-vs-manchester-united,90.0,1.0,0.0,2.0,0.0,0.0,3.0,0.0,0.0,12.0,1
2026-27,95658,3,26-27-prem-everton-vs-manchester-united,90.0,0.0,0.0,1.0,0.0,0.0,2.0,0.0,0.0,12.0,1
2026-27,111234,3,26-27-prem-everton-vs-manchester-united,90.0,0.0,0.0,0.0,0.0,0.0,12.0,-1.07,0.93,0.0,1
2026-27,114283,3,26-27-prem-everton-vs-manchester-united,24.0,1.0,0.0,4.0,1.0,0.0,0.0,0.0,0.0,1.0,0
2026-27,106760,3,26-27-prem-everton-vs-manchester-united,89.0,1.0,0.0,1.0,1.0,0.0,1.0,0.0,0.0,8.0,1
2026-27,141746,3,26-27-prem-everton-vs-manchester-united,90.0,4.0,0.0,3.0,2.0,0.0,2.0,0.0,0.0,0.0,1
2026-27,166989,3,26-27-prem-everton-vs-manchester-united,90.0,2.0,1.0,0.0,1.0,0.0,5.0,0.0,0.0,2.0,1
2026-27,485711,3,26-27-prem-everton-vs-manchester-united,20.0,2.0,1.0,2.0,0.0,0.0,0.0,0.0,0.0,0.0,0
2026-27,176297,3,26-27-prem-everton-vs-manchester-united,70.0,0.0,0.0,4.0,1.0,0.0,4.0,0.0,0.0,0.0,1
2026-27,216051,3,26-27-prem-everton-vs-manchester-united,84.0,1.0,0.0,2.0,2.0,0.0,3.0,0.0,0.0,4.0,1
2026-27,230001,3,26-27-prem-everton-vs-manchester-united,1.0,0.0,0.0,1.0,0.0,0.0,0.0,0.0,0.0,1.0,0
2026-27,221820,3,26-27-prem-everton-vs-manchester-united,90.0,0.0,0.0,0.0,0.0,0.0,2.0,0.0,0.0,10.0,1
2026-27,224967,3,26-27-prem-everton-vs-manchester-united,90.0,0.0,0.0,0.0,0.0,0.0,4.0,0.0,0.0,6.0,1
2026-27,215413,3,26-27-prem-everton-vs-manchester-united,90.0,4.0,2.0,3.0,2.0,0.0,5.0,0.0,0.0,6.0,1
2026-27,232928,3,26-27-prem-everton-vs-manchester-united,77.0,0.0,0.0,0.0,2.0,0.0,5.0,0.0,0.0,3.0,1
2026-27,465247,3,26-27-prem-everton-vs-manchester-united,90.0,0.0,0.0,0.0,0.0,0.0,14.0,-0.91,1.09,1.0,1
2026-27,446008,3,26-27-prem-everton-vs-manchester-united,90.0,2.0,1.0,4.0,1.0,0.0,4.0,0.0,0.0,4.0,1
2026-27,244860,3,26-27-prem-everton-vs-manchester-united,15.0,1.0,0.0,4.0,2.0,0.0,0.0,0.0,0.0,1.0,0
2026-27,463981,3,26-27-prem-newcastle-united-vs-afc-bournemouth,90.0,0.0,0.0,1.0,3.0,0.0,1.0,0.0,0.0,6.0,1
2026-27,465642,3,26-27-prem-newcastle-united-vs-afc-bournemouth,90.0,0.0,0.0,1.0,1.0,0.0,3.0,0.0,0.0,3.0,1
2026-27,223340,3,26-27-prem-arsenal-vs-chelsea,89.0,4.0,3.0,4.0,1.0,0.0,2.0,0.0,0.0,2.0,1
2026-27,481655,3,26-27-prem-arsenal-vs-chelsea,23.0,1.0,0.0,4.0,0.0,0.0,0.0,0.0,0.0,4.0,0
2026-27,248857,3,26-27-prem-arsenal-vs-chelsea,1.0,0.0,0.0,0.0,0.0,0.0,0.0,0.0,0.0,1.0,0
2026-27,244851,3,26-27-prem-arsenal-vs-chelsea,90.0,3.0,2.0,4.0,1.0,0.0,3.0,0.0,0.0,0.0,1
2026-27,466075,3,26-27-prem-arsenal-vs-chelsea,67.0,2.0,1.0,4.0,0.0,0.0,1.0,0.0,0.0,1.0,1
2026-27,448104,3,26-27-prem-arsenal-vs-chelsea,23.0,0.0,0.0,1.0,0.0,0.0,0.0,0.0,0.0,3.0,0
2026-27,439509,3,26-27-prem-arsenal-vs-chelsea,90.0,0.0,0.0,2.0,4.0,0.0,5.0,0.0,0.0,3.0,1
2026-27,514356,3,26-27-prem-arsenal-vs-chelsea,60.0,0.0,0.0,0.0,0.0,0.0,3.0,0.0,0.0,3.0,1
2026-27,597462,3,26-27-prem-hull-city-vs-aston-villa,19.0,0.0,0.0,0.0,0.0,0.0,1.0,0.0,0.0,2.0,0
2026-27,512462,3,26-27-prem-everton-vs-manchester-united,0.0,0.0,0.0,0.0,0.0,0.0,0.0,0.0,0.0,0.0,0
2026-27,575458,3,26-27-prem-nottingham-forest-vs-tottenham-hotspur,90.0,1.0,0.0,0.0,0.0,0.0,2.0,0.0,0.0,12.0,1
2026-27,135720,3,26-27-prem-brentford-vs-sunderland,90.0,0.0,0.0,0.0,1.0,0.0,3.0,0.0,0.0,8.0,1
2026-27,204480,3,26-27-prem-arsenal-vs-chelsea,90.0,1.0,0.0,0.0,1.0,0.0,1.0,0.0,0.0,5.0,1
2026-27,224117,3,26-27-prem-arsenal-vs-chelsea,12.0,0.0,0.0,0.0,0.0,0.0,1.0,0.0,0.0,0.0,0
2026-27,199798,3,26-27-prem-arsenal-vs-chelsea,90.0,0.0,0.0,2.0,0.0,0.0,5.0,0.0,0.0,10.0,1
2026-27,226597,3,26-27-prem-arsenal-vs-chelsea,90.0,2.0,2.0,7.0,0.0,0.0,4.0,0.0,0.0,7.0,1
2026-27,225796,3,26-27-prem-arsenal-vs-chelsea,90.0,3.0,1.0,1.0,1.0,0.0,6.0,0.0,0.0,3.0,1
2026-27,247632,3,26-27-prem-arsenal-vs-chelsea,81.0,1.0,0.0,6.0,2.0,0.0,4.0,0.0,0.0,3.0,1
2026-27,244850,3,26-27-prem-arsenal-vs-chelsea,87.0,3.0,1.0,3.0,1.0,0.0,5.0,0.0,0.0,0.0,1
2026-27,444463,3,26-27-prem-arsenal-vs-chelsea,90.0,0.0,0.0,0.0,2.0,0.0,3.0,0.0,0.0,17.0,1
2026-27,437499,3,26-27-prem-arsenal-vs-chelsea,90.0,0.0,0.0,1.0,0.0,0.0,2.0,0.0,0.0,11.0,1
2026-27,498444,3,26-27-prem-arsenal-vs-chelsea,30.0,0.0,0.0,2.0,0.0,0.0,1.0,0.0,0.0,2.0,0
2026-27,475168,3,26-27-prem-arsenal-vs-chelsea,90.0,1.0,0.0,4.0,2.0,0.0,1.0,0.0,0.0,0.0,1
2026-27,50175,3,26-27-prem-arsenal-vs-chelsea,3.0,0.0,0.0,1.0,0.0,0.0,0.0,0.0,0.0,0.0,0
2026-27,198869,3,26-27-prem-arsenal-vs-chelsea,90.0,0.0,0.0,5.0,0.0,0.0,4.0,0.0,0.0,6.0,1
2026-27,98980,3,26-27-prem-arsenal-vs-chelsea,90.0,0.0,0.0,0.0,0.0,0.0,8.0,0.0,2.0,0.0,1
2026-27,109745,3,26-27-prem-arsenal-vs-chelsea,0.0,0.0,0.0,0.0,0.0,0.0,0.0,0.0,0.0,0.0,0
2026-27,195384,3,26-27-prem-arsenal-vs-chelsea,13.0,0.0,0.0,0.0,0.0,0.0,0.0,0.0,0.0,0.0,0
2026-27,502697,3,26-27-prem-everton-vs-manchester-united,0.0,0.0,0.0,0.0,0.0,0.0,0.0,0.0,0.0,0.0,0
2026-27,496661,3,26-27-prem-everton-vs-manchester-united,0.0,0.0,0.0,0.0,0.0,0.0,0.0,0.0,0.0,0.0,0
2026-27,232413,3,26-27-prem-arsenal-vs-chelsea,0.0,0.0,0.0,0.0,0.0,0.0,0.0,0.0,0.0,0.0,0
2026-27,208706,3,26-27-prem-arsenal-vs-chelsea,0.0,0.0,0.0,0.0,0.0,0.0,0.0,0.0,0.0,0.0,0
2026-27,460028,3,26-27-prem-arsenal-vs-chelsea,0.0,0.0,0.0,0.0,0.0,0.0,0.0,0.0,0.0,0.0,0
2026-27,482609,3,26-27-prem-arsenal-vs-chelsea,30.0,1.0,0.0,0.0,0.0,0.0,2.0,0.0,0.0,2.0,0
2026-27,577016,3,26-27-prem-arsenal-vs-chelsea,90.0,0.0,0.0,2.0,0.0,0.0,1.0,0.0,0.0,1.0,1
2026-27,499169,3,26-27-prem-arsenal-vs-chelsea,67.0,1.0,0.0,1.0,1.0,0.0,2.0,0.0,0.0,0.0,1
2026-27,624773,3,26-27-prem-arsenal-vs-chelsea,9.0,1.0,1.0,1.0,0.0,0.0,0.0,0.0,0.0,0.0,0
2026-27,230650,3,26-27-prem-newcastle-united-vs-afc-bournemouth,0.0,0.0,0.0,0.0,0.0,0.0,0.0,0.0,0.0,0.0,0
2026-27,544877,3,26-27-prem-ipswich-town-vs-liverpool,90.0,0.0,0.0,0.0,0.0,0.0,1.0,0.0,0.0,5.0,1
2026-27,578153,3,26-27-prem-manchester-city-vs-coventry-city,90.0,0.0,0.0,0.0,0.0,0.0,4.0,0.0,0.0,6.0,1
2026-27,223723,3,26-27-prem-fulham-vs-crystal-palace,0.0,0.0,0.0,0.0,0.0,0.0,0.0,0.0,0.0,0.0,0
2026-27,438464,3,26-27-prem-fulham-vs-crystal-palace,0.0,0.0,0.0,0.0,0.0,0.0,0.0,0.0,0.0,0.0,0
2026-27,560552,3,26-27-prem-fulham-vs-crystal-palace,0.0,0.0,0.0,0.0,0.0,0.0,0.0,0.0,0.0,0.0,0
2026-27,559152,3,26-27-prem-fulham-vs-crystal-palace,0.0,0.0,0.0,0.0,0.0,0.0,0.0,0.0,0.0,0.0,0
2026-27,496221,3,26-27-prem-fulham-vs-crystal-palace,90.0,0.0,0.0,1.0,0.0,0.0,0.0,0.0,0.0,8.0,1
2026-27,463936,3,26-27-prem-arsenal-vs-chelsea,0.0,0.0,0.0,0.0,0.0,0.0,0.0,0.0,0.0,0.0,0
2026-27,551210,3,26-27-prem-arsenal-vs-chelsea,60.0,0.0,0.0,1.0,1.0,0.0,2.0,0.0,0.0,6.0,1
2026-27,154043,3,26-27-prem-everton-vs-manchester-united,13.0,1.0,1.0,0.0,0.0,0.0,0.0,0.0,0.0,0.0,0
2026-27,609873,3,26-27-prem-everton-vs-manchester-united,90.0,2.0,0.0,2.0,0.0,0.0,1.0,0.0,0.0,4.0,1
